[{"model": "core.pdb", "pk": "12CA", "fields": {"title": "ALTERING THE MOUTH OF A HYDROPHOBIC POCKET. STRUCTURE AND KINETICS OF HUMAN CARBONIC ANHYDRASE II MUTANTS AT RESIDUE VAL-121", "classification": "LYASE(OXO-ACID)", "keywords": "LYASE(OXO-ACID)", "deposition_date": "1991-10-01", "resolution": null, "rvalue": null, "organism": "Homo sapiens", "expression_system": null, "technique": "X-RAY DIFFRACTION", "assembly": 1, "skeleton": false}}, {"model": "core.pdb", "pk": "1BNT", "fields": {"title": "CARBONIC ANHYDRASE II INHIBITOR", "classification": "LYASE", "keywords": "CO2 HYDRATION, ZINC ENZYME, LYASE", "deposition_date": "1998-07-30", "resolution": 2.15, "rvalue": 0.165, "organism": "Homo sapiens", "expression_system": null, "technique": "X-RAY DIFFRACTION", "assembly": 1, "skeleton": false}}, {"model": "core.pdb", "pk": "1DEH", "fields": {"title": "CRYSTALLIZATION OF HUMAN BETA1 ALCOHOL DEHYDROGENASE (15 MG/ML) IN 50 MM SODIUM PHOSPHATE (PH 7.5), 2.0 MM NAD+ AND 1 MM 4-IODOPYRAZOLE AT 25 OC, 13% (W/V) PEG 8000", "classification": "OXIDOREDUCTASE", "keywords": "NAD+ DEPENDENT ALCOHOL DEHYDROGENASE, OXIDOREDUCTASE", "deposition_date": "1995-10-14", "resolution": 2.19, "rvalue": 0.18, "organism": "Homo sapiens", "expression_system": "Escherichia coli", "technique": "X-RAY DIFFRACTION", "assembly": 1, "skeleton": false}}, {"model": "core.pdb", "pk": "1G48", "fields": {"title": "CARBONIC ANHYDRASE II (F131V) COMPLEXED WITH 4-(AMINOSULFONYL)-N-[(2,6-DIFLUOROPHENYL)METHYL]-BENZAMIDE", "classification": "LYASE", "keywords": "Carbonic Anhydrase II, F131V, 4-(aminosulfonyl)-N-[(2, 6-difluorophenyl)methyl]-benzamide, LYASE", "deposition_date": "2000-10-26", "resolution": 1.86, "rvalue": 0.178, "organism": "Homo sapiens", "expression_system": "Escherichia coli", "technique": "X-RAY DIFFRACTION", "assembly": 1, "skeleton": false}}, {"model": "core.pdb", "pk": "1IZB", "fields": {"title": "ROLE OF B13 GLU IN INSULIN ASSEMBLY: THE HEXAMER STRUCTURE OF RECOMBINANT MUTANT (B13 GLU-> GLN) INSULIN", "classification": "HORMONE", "keywords": "HORMONE", "deposition_date": "1992-10-16", "resolution": null, "rvalue": null, "organism": "Sus scrofa", "expression_system": null, "technique": "X-RAY DIFFRACTION", "assembly": 3, "skeleton": false}}, {"model": "core.pdb", "pk": "1MSO", "fields": {"title": "T6 Human Insulin at 1.0 A Resolution", "classification": "HORMONE/GROWTH FACTOR", "keywords": "T6 Conformation, HORMONE-GROWTH FACTOR COMPLEX", "deposition_date": "2002-09-19", "resolution": 1.0, "rvalue": 0.183, "organism": null, "expression_system": null, "technique": "X-RAY DIFFRACTION", "assembly": 1, "skeleton": false}}, {"model": "core.pdb", "pk": "1XDA", "fields": {"title": "STRUCTURE OF INSULIN", "classification": "HORMONE", "keywords": "HORMONE, METABOLIC ROLE, CHEMICAL ACTIVITY, INSULIN ALBUMIN, FATTY ACID, GLUCOSE METABOLISM, DIABETES", "deposition_date": "1996-12-18", "resolution": 1.8, "rvalue": 0.174, "organism": "Homo sapiens", "expression_system": "Saccharomyces cerevisiae", "technique": "X-RAY DIFFRACTION", "assembly": 5, "skeleton": false}}, {"model": "core.pdb", "pk": "3HUD", "fields": {"title": "THE STRUCTURE OF HUMAN BETA 1 BETA 1 ALCOHOL DEHYDROGENASE: CATALYTIC EFFECTS OF NON-ACTIVE-SITE SUBSTITUTIONS", "classification": "OXIDOREDUCTASE(NAD(A)-CHOH(D))", "keywords": "OXIDOREDUCTASE(NAD(A)-CHOH(D))", "deposition_date": "1993-01-04", "resolution": null, "rvalue": 0.179, "organism": "Homo sapiens", "expression_system": "Escherichia coli", "technique": "X-RAY DIFFRACTION", "assembly": 1, "skeleton": false}}, {"model": "core.pdb", "pk": "5Y5B", "fields": {"title": "Crystal Structure Of IMP-1 Metallo-beta-lactamase", "classification": "HYDROLASE", "keywords": "HYDROLASE", "deposition_date": "2017-08-08", "resolution": 1.7, "rvalue": 0.15454, "organism": "Serratia marcescens", "expression_system": "Escherichia coli", "technique": "X-RAY DIFFRACTION", "assembly": 1, "skeleton": false}}, {"model": "core.pdb", "pk": "6ISO", "fields": {"title": "Human SIRT3 Recognizing H3K4cr", "classification": "HYDROLASE", "keywords": "Posttranslational modification, Sirtuins, Histones, Complex., HYDROLASE", "deposition_date": "2018-11-17", "resolution": 2.95, "rvalue": 0.22144, "organism": "Homo sapiens", "expression_system": "Escherichia coli-Pichia pastoris shuttle vector pPpARG4", "technique": "X-RAY DIFFRACTION", "assembly": 1, "skeleton": false}}, {"model": "core.zincsite", "pk": "12CA-1", "fields": {"family": "H3", "residue_names": ".HIS.", "representative": false, "pdb": "12CA", "group": null}}, {"model": "core.zincsite", "pk": "1BNT-1", "fields": {"family": "H3", "residue_names": ".AL2..HIS.", "representative": false, "pdb": "1BNT", "group": null}}, {"model": "core.zincsite", "pk": "1DEH-1", "fields": {"family": "C4", "residue_names": ".CYS.", "representative": false, "pdb": "1DEH", "group": null}}, {"model": "core.zincsite", "pk": "1DEH-2", "fields": {"family": "C2H1", "residue_names": ".CYS..HIS..PYZ.", "representative": false, "pdb": "1DEH", "group": null}}, {"model": "core.zincsite", "pk": "1DEH-3", "fields": {"family": "C4", "residue_names": ".CYS.", "representative": false, "pdb": "1DEH", "group": null}}, {"model": "core.zincsite", "pk": "1DEH-4", "fields": {"family": "C2H1", "residue_names": ".CYS..HIS..PYZ.", "representative": false, "pdb": "1DEH", "group": null}}, {"model": "core.zincsite", "pk": "1G48-1", "fields": {"family": "H3", "residue_names": ".F6B..HIS.", "representative": false, "pdb": "1G48", "group": null}}, {"model": "core.zincsite", "pk": "1IZB-1", "fields": {"family": "H3", "residue_names": ".HIS..HOH.", "representative": false, "pdb": "1IZB", "group": null}}, {"model": "core.zincsite", "pk": "1IZB-2", "fields": {"family": "H3", "residue_names": ".HIS.", "representative": false, "pdb": "1IZB", "group": null}}, {"model": "core.zincsite", "pk": "1MSO-1", "fields": {"family": "H3", "residue_names": ".HIS..HOH.", "representative": false, "pdb": "1MSO", "group": null}}, {"model": "core.zincsite", "pk": "1MSO-2", "fields": {"family": "H3", "residue_names": ".HIS..HOH.", "representative": false, "pdb": "1MSO", "group": null}}, {"model": "core.zincsite", "pk": "1XDA-1", "fields": {"family": "H3", "residue_names": ".CL..HIS.", "representative": false, "pdb": "1XDA", "group": null}}, {"model": "core.zincsite", "pk": "1XDA-2", "fields": {"family": "H3", "residue_names": ".CL..HIS.", "representative": false, "pdb": "1XDA", "group": null}}, {"model": "core.zincsite", "pk": "3HUD-1", "fields": {"family": "C4", "residue_names": ".CYS.", "representative": false, "pdb": "3HUD", "group": null}}, {"model": "core.zincsite", "pk": "3HUD-2", "fields": {"family": "C2H1", "residue_names": ".CYS..HIS.", "representative": false, "pdb": "3HUD", "group": null}}, {"model": "core.zincsite", "pk": "3HUD-3", "fields": {"family": "C4", "residue_names": ".CYS.", "representative": false, "pdb": "3HUD", "group": null}}, {"model": "core.zincsite", "pk": "3HUD-4", "fields": {"family": "C2H1", "residue_names": ".CYS..HIS.", "representative": false, "pdb": "3HUD", "group": null}}, {"model": "core.zincsite", "pk": "5Y5B-1", "fields": {"family": "C1D1H4", "residue_names": ".ASP..CYS..HIS..HOH..SO4.", "representative": false, "pdb": "5Y5B", "group": null}}, {"model": "core.zincsite", "pk": "6ISO-1", "fields": {"family": "C3", "residue_names": ".CYS..HOH.", "representative": false, "pdb": "6ISO", "group": null}}, {"model": "core.metal", "pk": 463, "fields": {"atomium_id": 2028, "name": "ZN", "x": -6.677, "y": -1.626, "z": 15.471, "element": "ZN", "residue_name": "ZN", "residue_number": 262, "insertion_code": "", "chain_id": "A", "omission_reason": null, "pdb": "12CA", "site": "12CA-1"}}, {"model": "core.metal", "pk": 464, "fields": {"atomium_id": 2040, "name": "ZN", "x": -6.861, "y": -1.642, "z": 15.422, "element": "ZN", "residue_name": "ZN", "residue_number": 262, "insertion_code": "", "chain_id": "A", "omission_reason": null, "pdb": "1BNT", "site": "1BNT-1"}}, {"model": "core.metal", "pk": 465, "fields": {"atomium_id": 2055, "name": "ZN", "x": -6.875, "y": -1.671, "z": 15.291, "element": "ZN", "residue_name": "ZN", "residue_number": 262, "insertion_code": "", "chain_id": "A", "omission_reason": null, "pdb": "1G48", "site": "1G48-1"}}, {"model": "core.metal", "pk": 466, "fields": {"atomium_id": 1713, "name": "ZN", "x": 0.0, "y": 0.0, "z": 8.145, "element": "ZN", "residue_name": "ZN", "residue_number": 501, "insertion_code": "", "chain_id": "D", "omission_reason": null, "pdb": "1MSO", "site": "1MSO-1"}}, {"model": "core.metal", "pk": 467, "fields": {"atomium_id": 1714, "name": "ZN", "x": 0.0, "y": 0.0, "z": -8.274, "element": "ZN", "residue_name": "ZN", "residue_number": 502, "insertion_code": "", "chain_id": "D", "omission_reason": null, "pdb": "1MSO", "site": "1MSO-2"}}, {"model": "core.metal", "pk": 468, "fields": {"atomium_id": 1642, "name": "ZN", "x": 0.0, "y": 0.0, "z": 34.196, "element": "ZN", "residue_name": "ZN", "residue_number": 30, "insertion_code": "", "chain_id": "D", "omission_reason": "Zinc in asymmetric unit but not biological assembly.", "pdb": "1XDA", "site": null}}, {"model": "core.metal", "pk": 469, "fields": {"atomium_id": 1618, "name": "ZN", "x": 0.0, "y": 0.0, "z": 18.779, "element": "ZN", "residue_name": "ZN", "residue_number": 30, "insertion_code": "", "chain_id": "B", "omission_reason": "Zinc in asymmetric unit but not biological assembly.", "pdb": "1XDA", "site": null}}, {"model": "core.metal", "pk": 470, "fields": {"atomium_id": 1666, "name": "ZN", "x": 0.0, "y": 0.0, "z": 58.639, "element": "ZN", "residue_name": "ZN", "residue_number": 30, "insertion_code": "", "chain_id": "F", "omission_reason": null, "pdb": "1XDA", "site": "1XDA-1"}}, {"model": "core.metal", "pk": 471, "fields": {"atomium_id": 1690, "name": "ZN", "x": 0.0, "y": 0.0, "z": 74.024, "element": "ZN", "residue_name": "ZN", "residue_number": 30, "insertion_code": "", "chain_id": "H", "omission_reason": null, "pdb": "1XDA", "site": "1XDA-2"}}, {"model": "core.metal", "pk": 472, "fields": {"atomium_id": 811, "name": "ZN", "x": 0.0, "y": 0.0, "z": 8.021, "element": "ZN", "residue_name": "ZN", "residue_number": 101, "insertion_code": "", "chain_id": "B", "omission_reason": null, "pdb": "1IZB", "site": "1IZB-1"}}, {"model": "core.metal", "pk": 473, "fields": {"atomium_id": 812, "name": "ZN", "x": 0.0, "y": 0.0, "z": -7.968, "element": "ZN", "residue_name": "ZN", "residue_number": 102, "insertion_code": "", "chain_id": "D", "omission_reason": null, "pdb": "1IZB", "site": "1IZB-2"}}, {"model": "core.metal", "pk": 474, "fields": {"atomium_id": 5563, "name": "ZN", "x": 17.762, "y": 2.52, "z": -29.116, "element": "ZN", "residue_name": "ZN", "residue_number": 375, "insertion_code": "", "chain_id": "A", "omission_reason": null, "pdb": "1DEH", "site": "1DEH-1"}}, {"model": "core.metal", "pk": 475, "fields": {"atomium_id": 5564, "name": "ZN", "x": 0.498, "y": 10.089, "z": -25.216, "element": "ZN", "residue_name": "ZN", "residue_number": 376, "insertion_code": "", "chain_id": "A", "omission_reason": null, "pdb": "1DEH", "site": "1DEH-2"}}, {"model": "core.metal", "pk": 476, "fields": {"atomium_id": 5615, "name": "ZN", "x": -0.95, "y": 15.947, "z": -66.564, "element": "ZN", "residue_name": "ZN", "residue_number": 375, "insertion_code": "", "chain_id": "B", "omission_reason": null, "pdb": "1DEH", "site": "1DEH-3"}}, {"model": "core.metal", "pk": 477, "fields": {"atomium_id": 5616, "name": "ZN", "x": 4.355, "y": -2.283, "z": -68.429, "element": "ZN", "residue_name": "ZN", "residue_number": 376, "insertion_code": "", "chain_id": "B", "omission_reason": null, "pdb": "1DEH", "site": "1DEH-4"}}, {"model": "core.metal", "pk": 478, "fields": {"atomium_id": 5563, "name": "ZN", "x": 18.082, "y": 2.825, "z": -28.904, "element": "ZN", "residue_name": "ZN", "residue_number": 375, "insertion_code": "", "chain_id": "A", "omission_reason": null, "pdb": "3HUD", "site": "3HUD-1"}}, {"model": "core.metal", "pk": 479, "fields": {"atomium_id": 5564, "name": "ZN", "x": 0.691, "y": 10.665, "z": -24.274, "element": "ZN", "residue_name": "ZN", "residue_number": 376, "insertion_code": "", "chain_id": "A", "omission_reason": null, "pdb": "3HUD", "site": "3HUD-2"}}, {"model": "core.metal", "pk": 480, "fields": {"atomium_id": 5609, "name": "ZN", "x": -1.312, "y": 15.85, "z": -66.811, "element": "ZN", "residue_name": "ZN", "residue_number": 375, "insertion_code": "", "chain_id": "B", "omission_reason": null, "pdb": "3HUD", "site": "3HUD-3"}}, {"model": "core.metal", "pk": 481, "fields": {"atomium_id": 5610, "name": "ZN", "x": 3.81, "y": -3.137, "z": -69.035, "element": "ZN", "residue_name": "ZN", "residue_number": 376, "insertion_code": "", "chain_id": "B", "omission_reason": null, "pdb": "3HUD", "site": "3HUD-4"}}, {"model": "core.metal", "pk": 482, "fields": {"atomium_id": 12014, "name": "ZN", "x": -48.951, "y": -12.454, "z": -57.166, "element": "ZN", "residue_name": "ZN", "residue_number": 402, "insertion_code": "", "chain_id": "B", "omission_reason": "Zinc in asymmetric unit but not biological assembly.", "pdb": "6ISO", "site": null}}, {"model": "core.metal", "pk": 483, "fields": {"atomium_id": 12043, "name": "ZN", "x": -72.504, "y": -6.528, "z": -14.775, "element": "ZN", "residue_name": "ZN", "residue_number": 402, "insertion_code": "", "chain_id": "G", "omission_reason": "Zinc in asymmetric unit but not biological assembly.", "pdb": "6ISO", "site": null}}, {"model": "core.metal", "pk": 484, "fields": {"atomium_id": 12026, "name": "ZN", "x": -2.802, "y": -29.368, "z": -28.447, "element": "ZN", "residue_name": "ZN", "residue_number": 402, "insertion_code": "", "chain_id": "E", "omission_reason": "Zinc in asymmetric unit but not biological assembly.", "pdb": "6ISO", "site": null}}, {"model": "core.metal", "pk": 485, "fields": {"atomium_id": 12049, "name": "ZN", "x": -63.56, "y": 11.485, "z": -42.596, "element": "ZN", "residue_name": "ZN", "residue_number": 401, "insertion_code": "", "chain_id": "I", "omission_reason": "Zinc in asymmetric unit but not biological assembly.", "pdb": "6ISO", "site": null}}, {"model": "core.metal", "pk": 486, "fields": {"atomium_id": 12002, "name": "ZN", "x": -9.581, "y": -6.26, "z": -49.002, "element": "ZN", "residue_name": "ZN", "residue_number": 401, "insertion_code": "", "chain_id": "A", "omission_reason": null, "pdb": "6ISO", "site": "6ISO-1"}}, {"model": "core.metal", "pk": 487, "fields": {"atomium_id": 1742, "name": "ZN", "x": 18.5, "y": 0.326, "z": -22.001, "element": "ZN", "residue_name": "ZN", "residue_number": 301, "insertion_code": "", "chain_id": "A", "omission_reason": null, "pdb": "5Y5B", "site": "5Y5B-1"}}, {"model": "core.metal", "pk": 488, "fields": {"atomium_id": 1743, "name": "ZN", "x": 17.574, "y": 3.371, "z": -20.696, "element": "ZN", "residue_name": "ZN", "residue_number": 302, "insertion_code": "", "chain_id": "A", "omission_reason": null, "pdb": "5Y5B", "site": "5Y5B-1"}}, {"model": "core.chain", "pk": "12CAA", "fields": {"atomium_id": "A", "sequence": "mshhwgygkhngpehwhkdfpiakgerqspvdidthtakydpslkplsvsydqatslrilnnghafnvefddsqdkavlkggpldgtyrliqfHfHwgsldgqgsehtvdkkkyaaelHlahwntkygdfgkavqqpdglavlgiflkvgsakpglqkvvdvldsiktkgksadftnfdprgllpesldywtypgslttppllecvtwivlkepisvsseqvlkfrklnfngegepeelmvdnwrpaqplknrqikasfk", "pdb": "12CA", "cluster": null}}, {"model": "core.chain", "pk": "1BNTA", "fields": {"atomium_id": "A", "sequence": "shhwgygkhngpehwhkdfpiakgerqspvdidthtakydpslkplsvsydqatslrilnnghafnvefddsqdkavlkggpldgtyrliqfHfHwgsldgqgsehtvdkkkyaaelHlvhwntkygdfgkavqqpdglavlgiflkvgsakpglqkvvdvldsiktkgksadftnfdprgllpesldywtypgslttppllecvtwivlkepisvsseqvlkfrklnfngegepeelmvdnwrpaqplknrqikasfk", "pdb": "1BNT", "cluster": null}}, {"model": "core.chain", "pk": "1DEHA", "fields": {"atomium_id": "A", "sequence": "stagkvikckaavlwevkkpfsiedvevappkayevrikmvavgiCrtddhvvsgnlvtplpvilgHeaagivesvgegvttvkpgdkviplftpqCgkCrvCknpesnyClkndlgnprgtlqdgtrrftcrgkpihhflgtstfsqytvvdenavakidaasplekvcligCgfstgygsavnvakvtpgstcavfglggvglsavmgckaagaariiavdinkdkfakakelgatecinpqdykkpiqevlkemtdggvdfsfevigrldtmmasllccheacgtsvivgvppasqnlsinpmllltgrtwkgavyggfkskegipklvadfmakkfsldalithvlpfekinegfdllhsgksirtvltf", "pdb": "1DEH", "cluster": null}}, {"model": "core.chain", "pk": "1DEHB", "fields": {"atomium_id": "B", "sequence": "stagkvikckaavlwevkkpfsiedvevappkayevrikmvavgiCrtddhvvsgnlvtplpvilgHeaagivesvgegvttvkpgdkviplftpqCgkCrvCknpesnyClkndlgnprgtlqdgtrrftcrgkpihhflgtstfsqytvvdenavakidaasplekvcligCgfstgygsavnvakvtpgstcavfglggvglsavmgckaagaariiavdinkdkfakakelgatecinpqdykkpiqevlkemtdggvdfsfevigrldtmmasllccheacgtsvivgvppasqnlsinpmllltgrtwkgavyggfkskegipklvadfmakkfsldalithvlpfekinegfdllhsgksirtvltf", "pdb": "1DEH", "cluster": null}}, {"model": "core.chain", "pk": "1G48A", "fields": {"atomium_id": "A", "sequence": "shhwgygkhngpehwhkdfpiakgerqspvdidthtakydpslkplsvsydqatslrilnnghafnvefddsqdkavlkggpldgtyrliqfHfHwgsldgqgsehtvdkkkyaaelHlvhwntkygdvgkavqqpdglavlgiflkvgsakpglqkvvdvldsiktkgksadftnfdprgllpesldywtypgslttppllecvtwivlkepisvsseqvlkfrklnfngegepeelmvdnwrpaqplknrqikasfk", "pdb": "1G48", "cluster": null}}, {"model": "core.chain", "pk": "1IZBB", "fields": {"atomium_id": "B", "sequence": "fvnqhlcgsHlvqalylvcgergffytpkt", "pdb": "1IZB", "cluster": null}}, {"model": "core.chain", "pk": "1IZBD", "fields": {"atomium_id": "D", "sequence": "fvnqhlcgsHlvqalylvcgergffytpkt", "pdb": "1IZB", "cluster": null}}, {"model": "core.chain", "pk": "1MSOB", "fields": {"atomium_id": "B", "sequence": "fvnqhlcgsHlvealylvcgergffytpkt", "pdb": "1MSO", "cluster": null}}, {"model": "core.chain", "pk": "1MSOD", "fields": {"atomium_id": "D", "sequence": "fvnqhlcgsHlvealylvcgergffytpkt", "pdb": "1MSO", "cluster": null}}, {"model": "core.chain", "pk": "1XDAF", "fields": {"atomium_id": "F", "sequence": "fvnqhlcgsHlvealylvcgergffytpk", "pdb": "1XDA", "cluster": null}}, {"model": "core.chain", "pk": "1XDAH", "fields": {"atomium_id": "H", "sequence": "fvnqhlcgsHlvealylvcgergffytpk", "pdb": "1XDA", "cluster": null}}, {"model": "core.chain", "pk": "3HUDA", "fields": {"atomium_id": "A", "sequence": "stagkvikckaavlwevkkpfsiedvevappkayevrikmvavgiCrtddhvvsgnlvtplpvilgHeaagivesvgegvttvkpgdkviplftpqCgkCrvCknpesnyClkndlgnprgtlqdgtrrftcrgkpihhflgtstfsqytvvdenavakidaasplekvcligCgfstgygsavnvakvtpgstcavfglggvglsavmgckaagaariiavdinkdkfakakelgatecinpqdykkpiqevlkemtdggvdfsfevigrldtmmasllccheacgtsvivgvppasqnlsinpmllltgrtwkgavyggfkskegipklvadfmakkfsldalithvlpfekinegfdllhsgksirtvltf", "pdb": "3HUD", "cluster": null}}, {"model": "core.chain", "pk": "3HUDB", "fields": {"atomium_id": "B", "sequence": "stagkvikckaavlwevkkpfsiedvevappkayevrikmvavgiCrtddhvvsgnlvtplpvilgHeaagivesvgegvttvkpgdkviplftpqCgkCrvCknpesnyClkndlgnprgtlqdgtrrftcrgkpihhflgtstfsqytvvdenavakidaasplekvcligCgfstgygsavnvakvtpgstcavfglggvglsavmgckaagaariiavdinkdkfakakelgatecinpqdykkpiqevlkemtdggvdfsfevigrldtmmasllccheacgtsvivgvppasqnlsinpmllltgrtwkgavyggfkskegipklvadfmakkfsldalithvlpfekinegfdllhsgksirtvltf", "pdb": "3HUD", "cluster": null}}, {"model": "core.chain", "pk": "5Y5BA", "fields": {"atomium_id": "A", "sequence": "aeslpdlkiekldegvyvhtsfeevngwgvvpkhglvvlvnaeaylidtpftakdteklvtwfvergykikgsissHfHsDstggiewlnsrsiptyaseltnellkkdgkvqatnsfsgvnywlvknkievfypgpgHtpdnvvvwlperkilfggCfikpyglgnlgdanieawpksakllkskygkaklvvpsHsevgdasllkltleqavkglneskkpskpsn", "pdb": "5Y5B", "cluster": null}}, {"model": "core.chain", "pk": "6ISOA", "fields": {"atomium_id": "A", "sequence": "gklslqdvaeliraracqrvvvmvgagistpsgipdfrspgsglysnlqqydlpypeaifelpfffhnpkpfftlakelypgnykpnvthyflrllhdkglllrlytqnidglervsgipasklveahgtfasatCtvCqrpfpgediradvmadrvprCpvctgvvkpdivffgeplpqrfllhvvdfpmadlllilgtslevepfaslteavrssvprllinrdlvgplawhprsrdvaqlgdvvhgveslvellgwteemrdlvqretgkla", "pdb": "6ISO", "cluster": null}}, {"model": "core.chaininteraction", "pk": 354, "fields": {"sequence": "mshhwgygkhngpehwhkdfpiakgerqspvdidthtakydpslkplsvsydqatslrilnnghafnvefddsqdkavlkggpldgtyrliqfHfHwgsldgqgsehtvdkkkyaaelHlahwntkygdfgkavqqpdglavlgiflkvgsakpglqkvvdvldsiktkgksadftnfdprgllpesldywtypgslttppllecvtwivlkepisvsseqvlkfrklnfngegepeelmvdnwrpaqplknrqikasfk", "chain": "12CAA", "site": "12CA-1"}}, {"model": "core.chaininteraction", "pk": 355, "fields": {"sequence": "shhwgygkhngpehwhkdfpiakgerqspvdidthtakydpslkplsvsydqatslrilnnghafnvefddsqdkavlkggpldgtyrliqfHfHwgsldgqgsehtvdkkkyaaelHlvhwntkygdfgkavqqpdglavlgiflkvgsakpglqkvvdvldsiktkgksadftnfdprgllpesldywtypgslttppllecvtwivlkepisvsseqvlkfrklnfngegepeelmvdnwrpaqplknrqikasfk", "chain": "1BNTA", "site": "1BNT-1"}}, {"model": "core.chaininteraction", "pk": 356, "fields": {"sequence": "shhwgygkhngpehwhkdfpiakgerqspvdidthtakydpslkplsvsydqatslrilnnghafnvefddsqdkavlkggpldgtyrliqfHfHwgsldgqgsehtvdkkkyaaelHlvhwntkygdvgkavqqpdglavlgiflkvgsakpglqkvvdvldsiktkgksadftnfdprgllpesldywtypgslttppllecvtwivlkepisvsseqvlkfrklnfngegepeelmvdnwrpaqplknrqikasfk", "chain": "1G48A", "site": "1G48-1"}}, {"model": "core.chaininteraction", "pk": 357, "fields": {"sequence": "fvnqhlcgsHlvealylvcgergffytpkt", "chain": "1MSOB", "site": "1MSO-1"}}, {"model": "core.chaininteraction", "pk": 358, "fields": {"sequence": "fvnqhlcgsHlvealylvcgergffytpkt", "chain": "1MSOD", "site": "1MSO-2"}}, {"model": "core.chaininteraction", "pk": 359, "fields": {"sequence": "fvnqhlcgsHlvealylvcgergffytpk", "chain": "1XDAF", "site": "1XDA-1"}}, {"model": "core.chaininteraction", "pk": 360, "fields": {"sequence": "fvnqhlcgsHlvealylvcgergffytpk", "chain": "1XDAH", "site": "1XDA-2"}}, {"model": "core.chaininteraction", "pk": 361, "fields": {"sequence": "fvnqhlcgsHlvqalylvcgergffytpkt", "chain": "1IZBB", "site": "1IZB-1"}}, {"model": "core.chaininteraction", "pk": 362, "fields": {"sequence": "fvnqhlcgsHlvqalylvcgergffytpkt", "chain": "1IZBD", "site": "1IZB-2"}}, {"model": "core.chaininteraction", "pk": 363, "fields": {"sequence": "stagkvikckaavlwevkkpfsiedvevappkayevrikmvavgicrtddhvvsgnlvtplpvilgheaagivesvgegvttvkpgdkviplftpqCgkCrvCknpesnyClkndlgnprgtlqdgtrrftcrgkpihhflgtstfsqytvvdenavakidaasplekvcligcgfstgygsavnvakvtpgstcavfglggvglsavmgckaagaariiavdinkdkfakakelgatecinpqdykkpiqevlkemtdggvdfsfevigrldtmmasllccheacgtsvivgvppasqnlsinpmllltgrtwkgavyggfkskegipklvadfmakkfsldalithvlpfekinegfdllhsgksirtvltf", "chain": "1DEHA", "site": "1DEH-1"}}, {"model": "core.chaininteraction", "pk": 364, "fields": {"sequence": "stagkvikckaavlwevkkpfsiedvevappkayevrikmvavgiCrtddhvvsgnlvtplpvilgHeaagivesvgegvttvkpgdkviplftpqcgkcrvcknpesnyclkndlgnprgtlqdgtrrftcrgkpihhflgtstfsqytvvdenavakidaasplekvcligCgfstgygsavnvakvtpgstcavfglggvglsavmgckaagaariiavdinkdkfakakelgatecinpqdykkpiqevlkemtdggvdfsfevigrldtmmasllccheacgtsvivgvppasqnlsinpmllltgrtwkgavyggfkskegipklvadfmakkfsldalithvlpfekinegfdllhsgksirtvltf", "chain": "1DEHA", "site": "1DEH-2"}}, {"model": "core.chaininteraction", "pk": 365, "fields": {"sequence": "stagkvikckaavlwevkkpfsiedvevappkayevrikmvavgicrtddhvvsgnlvtplpvilgheaagivesvgegvttvkpgdkviplftpqCgkCrvCknpesnyClkndlgnprgtlqdgtrrftcrgkpihhflgtstfsqytvvdenavakidaasplekvcligcgfstgygsavnvakvtpgstcavfglggvglsavmgckaagaariiavdinkdkfakakelgatecinpqdykkpiqevlkemtdggvdfsfevigrldtmmasllccheacgtsvivgvppasqnlsinpmllltgrtwkgavyggfkskegipklvadfmakkfsldalithvlpfekinegfdllhsgksirtvltf", "chain": "1DEHB", "site": "1DEH-3"}}, {"model": "core.chaininteraction", "pk": 366, "fields": {"sequence": "stagkvikckaavlwevkkpfsiedvevappkayevrikmvavgiCrtddhvvsgnlvtplpvilgHeaagivesvgegvttvkpgdkviplftpqcgkcrvcknpesnyclkndlgnprgtlqdgtrrftcrgkpihhflgtstfsqytvvdenavakidaasplekvcligCgfstgygsavnvakvtpgstcavfglggvglsavmgckaagaariiavdinkdkfakakelgatecinpqdykkpiqevlkemtdggvdfsfevigrldtmmasllccheacgtsvivgvppasqnlsinpmllltgrtwkgavyggfkskegipklvadfmakkfsldalithvlpfekinegfdllhsgksirtvltf", "chain": "1DEHB", "site": "1DEH-4"}}, {"model": "core.chaininteraction", "pk": 367, "fields": {"sequence": "stagkvikckaavlwevkkpfsiedvevappkayevrikmvavgicrtddhvvsgnlvtplpvilgheaagivesvgegvttvkpgdkviplftpqCgkCrvCknpesnyClkndlgnprgtlqdgtrrftcrgkpihhflgtstfsqytvvdenavakidaasplekvcligcgfstgygsavnvakvtpgstcavfglggvglsavmgckaagaariiavdinkdkfakakelgatecinpqdykkpiqevlkemtdggvdfsfevigrldtmmasllccheacgtsvivgvppasqnlsinpmllltgrtwkgavyggfkskegipklvadfmakkfsldalithvlpfekinegfdllhsgksirtvltf", "chain": "3HUDA", "site": "3HUD-1"}}, {"model": "core.chaininteraction", "pk": 368, "fields": {"sequence": "stagkvikckaavlwevkkpfsiedvevappkayevrikmvavgiCrtddhvvsgnlvtplpvilgHeaagivesvgegvttvkpgdkviplftpqcgkcrvcknpesnyclkndlgnprgtlqdgtrrftcrgkpihhflgtstfsqytvvdenavakidaasplekvcligCgfstgygsavnvakvtpgstcavfglggvglsavmgckaagaariiavdinkdkfakakelgatecinpqdykkpiqevlkemtdggvdfsfevigrldtmmasllccheacgtsvivgvppasqnlsinpmllltgrtwkgavyggfkskegipklvadfmakkfsldalithvlpfekinegfdllhsgksirtvltf", "chain": "3HUDA", "site": "3HUD-2"}}, {"model": "core.chaininteraction", "pk": 369, "fields": {"sequence": "stagkvikckaavlwevkkpfsiedvevappkayevrikmvavgicrtddhvvsgnlvtplpvilgheaagivesvgegvttvkpgdkviplftpqCgkCrvCknpesnyClkndlgnprgtlqdgtrrftcrgkpihhflgtstfsqytvvdenavakidaasplekvcligcgfstgygsavnvakvtpgstcavfglggvglsavmgckaagaariiavdinkdkfakakelgatecinpqdykkpiqevlkemtdggvdfsfevigrldtmmasllccheacgtsvivgvppasqnlsinpmllltgrtwkgavyggfkskegipklvadfmakkfsldalithvlpfekinegfdllhsgksirtvltf", "chain": "3HUDB", "site": "3HUD-3"}}, {"model": "core.chaininteraction", "pk": 370, "fields": {"sequence": "stagkvikckaavlwevkkpfsiedvevappkayevrikmvavgiCrtddhvvsgnlvtplpvilgHeaagivesvgegvttvkpgdkviplftpqcgkcrvcknpesnyclkndlgnprgtlqdgtrrftcrgkpihhflgtstfsqytvvdenavakidaasplekvcligCgfstgygsavnvakvtpgstcavfglggvglsavmgckaagaariiavdinkdkfakakelgatecinpqdykkpiqevlkemtdggvdfsfevigrldtmmasllccheacgtsvivgvppasqnlsinpmllltgrtwkgavyggfkskegipklvadfmakkfsldalithvlpfekinegfdllhsgksirtvltf", "chain": "3HUDB", "site": "3HUD-4"}}, {"model": "core.chaininteraction", "pk": 371, "fields": {"sequence": "gklslqdvaeliraracqrvvvmvgagistpsgipdfrspgsglysnlqqydlpypeaifelpfffhnpkpfftlakelypgnykpnvthyflrllhdkglllrlytqnidglervsgipasklveahgtfasatCtvCqrpfpgediradvmadrvprCpvctgvvkpdivffgeplpqrfllhvvdfpmadlllilgtslevepfaslteavrssvprllinrdlvgplawhprsrdvaqlgdvvhgveslvellgwteemrdlvqretgkla", "chain": "6ISOA", "site": "6ISO-1"}}, {"model": "core.chaininteraction", "pk": 372, "fields": {"sequence": "aeslpdlkiekldegvyvhtsfeevngwgvvpkhglvvlvnaeaylidtpftakdteklvtwfvergykikgsissHfHsDstggiewlnsrsiptyaseltnellkkdgkvqatnsfsgvnywlvknkievfypgpgHtpdnvvvwlperkilfggCfikpyglgnlgdanieawpksakllkskygkaklvvpsHsevgdasllkltleqavkglneskkpskpsn", "chain": "5Y5BA", "site": "5Y5B-1"}}, {"model": "core.residue", "pk": 1490, "fields": {"residue_number": 119, "insertion_code": "", "name": "HIS", "atomium_id": "A.119", "chain_identifier": "A", "chain_signature": "leu.HIS.leu", "site": "12CA-1", "chain": "12CAA"}}, {"model": "core.residue", "pk": 1491, "fields": {"residue_number": 94, "insertion_code": "", "name": "HIS", "atomium_id": "A.94", "chain_identifier": "A", "chain_signature": "phe.HIS.phe", "site": "12CA-1", "chain": "12CAA"}}, {"model": "core.residue", "pk": 1492, "fields": {"residue_number": 96, "insertion_code": "", "name": "HIS", "atomium_id": "A.96", "chain_identifier": "A", "chain_signature": "phe.HIS.trp", "site": "12CA-1", "chain": "12CAA"}}, {"model": "core.residue", "pk": 1493, "fields": {"residue_number": 555, "insertion_code": "", "name": "AL2", "atomium_id": "A.555", "chain_identifier": "A", "chain_signature": "", "site": "1BNT-1", "chain": null}}, {"model": "core.residue", "pk": 1494, "fields": {"residue_number": 94, "insertion_code": "", "name": "HIS", "atomium_id": "A.94", "chain_identifier": "A", "chain_signature": "phe.HIS.phe", "site": "1BNT-1", "chain": "1BNTA"}}, {"model": "core.residue", "pk": 1495, "fields": {"residue_number": 119, "insertion_code": "", "name": "HIS", "atomium_id": "A.119", "chain_identifier": "A", "chain_signature": "leu.HIS.leu", "site": "1BNT-1", "chain": "1BNTA"}}, {"model": "core.residue", "pk": 1496, "fields": {"residue_number": 96, "insertion_code": "", "name": "HIS", "atomium_id": "A.96", "chain_identifier": "A", "chain_signature": "phe.HIS.trp", "site": "1BNT-1", "chain": "1BNTA"}}, {"model": "core.residue", "pk": 1497, "fields": {"residue_number": 555, "insertion_code": "", "name": "F6B", "atomium_id": "A.555", "chain_identifier": "A", "chain_signature": "", "site": "1G48-1", "chain": null}}, {"model": "core.residue", "pk": 1498, "fields": {"residue_number": 96, "insertion_code": "", "name": "HIS", "atomium_id": "A.96", "chain_identifier": "A", "chain_signature": "phe.HIS.trp", "site": "1G48-1", "chain": "1G48A"}}, {"model": "core.residue", "pk": 1499, "fields": {"residue_number": 94, "insertion_code": "", "name": "HIS", "atomium_id": "A.94", "chain_identifier": "A", "chain_signature": "phe.HIS.phe", "site": "1G48-1", "chain": "1G48A"}}, {"model": "core.residue", "pk": 1500, "fields": {"residue_number": 119, "insertion_code": "", "name": "HIS", "atomium_id": "A.119", "chain_identifier": "A", "chain_signature": "leu.HIS.leu", "site": "1G48-1", "chain": "1G48A"}}, {"model": "core.residue", "pk": 1501, "fields": {"residue_number": 10, "insertion_code": "", "name": "HIS", "atomium_id": "B.10", "chain_identifier": "B", "chain_signature": "ser.HIS.leu", "site": "1MSO-1", "chain": "1MSOB"}}, {"model": "core.residue", "pk": 1502, "fields": {"residue_number": 511, "insertion_code": "", "name": "HOH", "atomium_id": "B.511", "chain_identifier": "B", "chain_signature": "", "site": "1MSO-1", "chain": null}}, {"model": "core.residue", "pk": 1503, "fields": {"residue_number": 511, "insertion_code": "", "name": "HOH", "atomium_id": "B.511", "chain_identifier": "B", "chain_signature": "", "site": "1MSO-1", "chain": null}}, {"model": "core.residue", "pk": 1504, "fields": {"residue_number": 10, "insertion_code": "", "name": "HIS", "atomium_id": "B.10", "chain_identifier": "B", "chain_signature": "ser.HIS.leu", "site": "1MSO-1", "chain": "1MSOB"}}, {"model": "core.residue", "pk": 1505, "fields": {"residue_number": 511, "insertion_code": "", "name": "HOH", "atomium_id": "B.511", "chain_identifier": "B", "chain_signature": "", "site": "1MSO-1", "chain": null}}, {"model": "core.residue", "pk": 1506, "fields": {"residue_number": 10, "insertion_code": "", "name": "HIS", "atomium_id": "B.10", "chain_identifier": "B", "chain_signature": "ser.HIS.leu", "site": "1MSO-1", "chain": "1MSOB"}}, {"model": "core.residue", "pk": 1507, "fields": {"residue_number": 512, "insertion_code": "", "name": "HOH", "atomium_id": "D.512", "chain_identifier": "D", "chain_signature": "", "site": "1MSO-2", "chain": null}}, {"model": "core.residue", "pk": 1508, "fields": {"residue_number": 512, "insertion_code": "", "name": "HOH", "atomium_id": "D.512", "chain_identifier": "D", "chain_signature": "", "site": "1MSO-2", "chain": null}}, {"model": "core.residue", "pk": 1509, "fields": {"residue_number": 512, "insertion_code": "", "name": "HOH", "atomium_id": "D.512", "chain_identifier": "D", "chain_signature": "", "site": "1MSO-2", "chain": null}}, {"model": "core.residue", "pk": 1510, "fields": {"residue_number": 10, "insertion_code": "", "name": "HIS", "atomium_id": "D.10", "chain_identifier": "D", "chain_signature": "ser.HIS.leu", "site": "1MSO-2", "chain": "1MSOD"}}, {"model": "core.residue", "pk": 1511, "fields": {"residue_number": 10, "insertion_code": "", "name": "HIS", "atomium_id": "D.10", "chain_identifier": "D", "chain_signature": "ser.HIS.leu", "site": "1MSO-2", "chain": "1MSOD"}}, {"model": "core.residue", "pk": 1512, "fields": {"residue_number": 10, "insertion_code": "", "name": "HIS", "atomium_id": "D.10", "chain_identifier": "D", "chain_signature": "ser.HIS.leu", "site": "1MSO-2", "chain": "1MSOD"}}, {"model": "core.residue", "pk": 1513, "fields": {"residue_number": 10, "insertion_code": "", "name": "HIS", "atomium_id": "F.10", "chain_identifier": "F", "chain_signature": "ser.HIS.leu", "site": "1XDA-1", "chain": "1XDAF"}}, {"model": "core.residue", "pk": 1514, "fields": {"residue_number": 31, "insertion_code": "", "name": "CL", "atomium_id": "F.31", "chain_identifier": "F", "chain_signature": "", "site": "1XDA-1", "chain": null}}, {"model": "core.residue", "pk": 1515, "fields": {"residue_number": 10, "insertion_code": "", "name": "HIS", "atomium_id": "F.10", "chain_identifier": "F", "chain_signature": "ser.HIS.leu", "site": "1XDA-1", "chain": "1XDAF"}}, {"model": "core.residue", "pk": 1516, "fields": {"residue_number": 10, "insertion_code": "", "name": "HIS", "atomium_id": "F.10", "chain_identifier": "F", "chain_signature": "ser.HIS.leu", "site": "1XDA-1", "chain": "1XDAF"}}, {"model": "core.residue", "pk": 1517, "fields": {"residue_number": 10, "insertion_code": "", "name": "HIS", "atomium_id": "H.10", "chain_identifier": "H", "chain_signature": "ser.HIS.leu", "site": "1XDA-2", "chain": "1XDAH"}}, {"model": "core.residue", "pk": 1518, "fields": {"residue_number": 10, "insertion_code": "", "name": "HIS", "atomium_id": "H.10", "chain_identifier": "H", "chain_signature": "ser.HIS.leu", "site": "1XDA-2", "chain": "1XDAH"}}, {"model": "core.residue", "pk": 1519, "fields": {"residue_number": 31, "insertion_code": "", "name": "CL", "atomium_id": "H.31", "chain_identifier": "H", "chain_signature": "", "site": "1XDA-2", "chain": null}}, {"model": "core.residue", "pk": 1520, "fields": {"residue_number": 10, "insertion_code": "", "name": "HIS", "atomium_id": "H.10", "chain_identifier": "H", "chain_signature": "ser.HIS.leu", "site": "1XDA-2", "chain": "1XDAH"}}, {"model": "core.residue", "pk": 1521, "fields": {"residue_number": 10, "insertion_code": "", "name": "HIS", "atomium_id": "B.10", "chain_identifier": "B", "chain_signature": "ser.HIS.leu", "site": "1IZB-1", "chain": "1IZBB"}}, {"model": "core.residue", "pk": 1522, "fields": {"residue_number": 106, "insertion_code": "", "name": "HOH", "atomium_id": "B.106", "chain_identifier": "B", "chain_signature": "", "site": "1IZB-1", "chain": null}}, {"model": "core.residue", "pk": 1523, "fields": {"residue_number": 106, "insertion_code": "", "name": "HOH", "atomium_id": "B.106", "chain_identifier": "B", "chain_signature": "", "site": "1IZB-1", "chain": null}}, {"model": "core.residue", "pk": 1524, "fields": {"residue_number": 10, "insertion_code": "", "name": "HIS", "atomium_id": "B.10", "chain_identifier": "B", "chain_signature": "ser.HIS.leu", "site": "1IZB-1", "chain": "1IZBB"}}, {"model": "core.residue", "pk": 1525, "fields": {"residue_number": 10, "insertion_code": "", "name": "HIS", "atomium_id": "B.10", "chain_identifier": "B", "chain_signature": "ser.HIS.leu", "site": "1IZB-1", "chain": "1IZBB"}}, {"model": "core.residue", "pk": 1526, "fields": {"residue_number": 106, "insertion_code": "", "name": "HOH", "atomium_id": "B.106", "chain_identifier": "B", "chain_signature": "", "site": "1IZB-1", "chain": null}}, {"model": "core.residue", "pk": 1527, "fields": {"residue_number": 10, "insertion_code": "", "name": "HIS", "atomium_id": "D.10", "chain_identifier": "D", "chain_signature": "ser.HIS.leu", "site": "1IZB-2", "chain": "1IZBD"}}, {"model": "core.residue", "pk": 1528, "fields": {"residue_number": 10, "insertion_code": "", "name": "HIS", "atomium_id": "D.10", "chain_identifier": "D", "chain_signature": "ser.HIS.leu", "site": "1IZB-2", "chain": "1IZBD"}}, {"model": "core.residue", "pk": 1529, "fields": {"residue_number": 10, "insertion_code": "", "name": "HIS", "atomium_id": "D.10", "chain_identifier": "D", "chain_signature": "ser.HIS.leu", "site": "1IZB-2", "chain": "1IZBD"}}, {"model": "core.residue", "pk": 1530, "fields": {"residue_number": 111, "insertion_code": "", "name": "CYS", "atomium_id": "A.111", "chain_identifier": "A", "chain_signature": "tyr.CYS.leu", "site": "1DEH-1", "chain": "1DEHA"}}, {"model": "core.residue", "pk": 1531, "fields": {"residue_number": 103, "insertion_code": "", "name": "CYS", "atomium_id": "A.103", "chain_identifier": "A", "chain_signature": "val.CYS.lys", "site": "1DEH-1", "chain": "1DEHA"}}, {"model": "core.residue", "pk": 1532, "fields": {"residue_number": 97, "insertion_code": "", "name": "CYS", "atomium_id": "A.97", "chain_identifier": "A", "chain_signature": "gln.CYS.gly", "site": "1DEH-1", "chain": "1DEHA"}}, {"model": "core.residue", "pk": 1533, "fields": {"residue_number": 100, "insertion_code": "", "name": "CYS", "atomium_id": "A.100", "chain_identifier": "A", "chain_signature": "lys.CYS.arg", "site": "1DEH-1", "chain": "1DEHA"}}, {"model": "core.residue", "pk": 1534, "fields": {"residue_number": 378, "insertion_code": "", "name": "PYZ", "atomium_id": "A.378", "chain_identifier": "A", "chain_signature": "", "site": "1DEH-2", "chain": null}}, {"model": "core.residue", "pk": 1535, "fields": {"residue_number": 174, "insertion_code": "", "name": "CYS", "atomium_id": "A.174", "chain_identifier": "A", "chain_signature": "gly.CYS.gly", "site": "1DEH-2", "chain": "1DEHA"}}, {"model": "core.residue", "pk": 1536, "fields": {"residue_number": 67, "insertion_code": "", "name": "HIS", "atomium_id": "A.67", "chain_identifier": "A", "chain_signature": "gly.HIS.glu", "site": "1DEH-2", "chain": "1DEHA"}}, {"model": "core.residue", "pk": 1537, "fields": {"residue_number": 46, "insertion_code": "", "name": "CYS", "atomium_id": "A.46", "chain_identifier": "A", "chain_signature": "ile.CYS.arg", "site": "1DEH-2", "chain": "1DEHA"}}, {"model": "core.residue", "pk": 1538, "fields": {"residue_number": 103, "insertion_code": "", "name": "CYS", "atomium_id": "B.103", "chain_identifier": "B", "chain_signature": "val.CYS.lys", "site": "1DEH-3", "chain": "1DEHB"}}, {"model": "core.residue", "pk": 1539, "fields": {"residue_number": 111, "insertion_code": "", "name": "CYS", "atomium_id": "B.111", "chain_identifier": "B", "chain_signature": "tyr.CYS.leu", "site": "1DEH-3", "chain": "1DEHB"}}, {"model": "core.residue", "pk": 1540, "fields": {"residue_number": 97, "insertion_code": "", "name": "CYS", "atomium_id": "B.97", "chain_identifier": "B", "chain_signature": "gln.CYS.gly", "site": "1DEH-3", "chain": "1DEHB"}}, {"model": "core.residue", "pk": 1541, "fields": {"residue_number": 100, "insertion_code": "", "name": "CYS", "atomium_id": "B.100", "chain_identifier": "B", "chain_signature": "lys.CYS.arg", "site": "1DEH-3", "chain": "1DEHB"}}, {"model": "core.residue", "pk": 1542, "fields": {"residue_number": 174, "insertion_code": "", "name": "CYS", "atomium_id": "B.174", "chain_identifier": "B", "chain_signature": "gly.CYS.gly", "site": "1DEH-4", "chain": "1DEHB"}}, {"model": "core.residue", "pk": 1543, "fields": {"residue_number": 378, "insertion_code": "", "name": "PYZ", "atomium_id": "B.378", "chain_identifier": "B", "chain_signature": "", "site": "1DEH-4", "chain": null}}, {"model": "core.residue", "pk": 1544, "fields": {"residue_number": 46, "insertion_code": "", "name": "CYS", "atomium_id": "B.46", "chain_identifier": "B", "chain_signature": "ile.CYS.arg", "site": "1DEH-4", "chain": "1DEHB"}}, {"model": "core.residue", "pk": 1545, "fields": {"residue_number": 67, "insertion_code": "", "name": "HIS", "atomium_id": "B.67", "chain_identifier": "B", "chain_signature": "gly.HIS.glu", "site": "1DEH-4", "chain": "1DEHB"}}, {"model": "core.residue", "pk": 1546, "fields": {"residue_number": 97, "insertion_code": "", "name": "CYS", "atomium_id": "A.97", "chain_identifier": "A", "chain_signature": "gln.CYS.gly", "site": "3HUD-1", "chain": "3HUDA"}}, {"model": "core.residue", "pk": 1547, "fields": {"residue_number": 111, "insertion_code": "", "name": "CYS", "atomium_id": "A.111", "chain_identifier": "A", "chain_signature": "tyr.CYS.leu", "site": "3HUD-1", "chain": "3HUDA"}}, {"model": "core.residue", "pk": 1548, "fields": {"residue_number": 100, "insertion_code": "", "name": "CYS", "atomium_id": "A.100", "chain_identifier": "A", "chain_signature": "lys.CYS.arg", "site": "3HUD-1", "chain": "3HUDA"}}, {"model": "core.residue", "pk": 1549, "fields": {"residue_number": 103, "insertion_code": "", "name": "CYS", "atomium_id": "A.103", "chain_identifier": "A", "chain_signature": "val.CYS.lys", "site": "3HUD-1", "chain": "3HUDA"}}, {"model": "core.residue", "pk": 1550, "fields": {"residue_number": 174, "insertion_code": "", "name": "CYS", "atomium_id": "A.174", "chain_identifier": "A", "chain_signature": "gly.CYS.gly", "site": "3HUD-2", "chain": "3HUDA"}}, {"model": "core.residue", "pk": 1551, "fields": {"residue_number": 46, "insertion_code": "", "name": "CYS", "atomium_id": "A.46", "chain_identifier": "A", "chain_signature": "ile.CYS.arg", "site": "3HUD-2", "chain": "3HUDA"}}, {"model": "core.residue", "pk": 1552, "fields": {"residue_number": 67, "insertion_code": "", "name": "HIS", "atomium_id": "A.67", "chain_identifier": "A", "chain_signature": "gly.HIS.glu", "site": "3HUD-2", "chain": "3HUDA"}}, {"model": "core.residue", "pk": 1553, "fields": {"residue_number": 100, "insertion_code": "", "name": "CYS", "atomium_id": "B.100", "chain_identifier": "B", "chain_signature": "lys.CYS.arg", "site": "3HUD-3", "chain": "3HUDB"}}, {"model": "core.residue", "pk": 1554, "fields": {"residue_number": 111, "insertion_code": "", "name": "CYS", "atomium_id": "B.111", "chain_identifier": "B", "chain_signature": "tyr.CYS.leu", "site": "3HUD-3", "chain": "3HUDB"}}, {"model": "core.residue", "pk": 1555, "fields": {"residue_number": 103, "insertion_code": "", "name": "CYS", "atomium_id": "B.103", "chain_identifier": "B", "chain_signature": "val.CYS.lys", "site": "3HUD-3", "chain": "3HUDB"}}, {"model": "core.residue", "pk": 1556, "fields": {"residue_number": 97, "insertion_code": "", "name": "CYS", "atomium_id": "B.97", "chain_identifier": "B", "chain_signature": "gln.CYS.gly", "site": "3HUD-3", "chain": "3HUDB"}}, {"model": "core.residue", "pk": 1557, "fields": {"residue_number": 67, "insertion_code": "", "name": "HIS", "atomium_id": "B.67", "chain_identifier": "B", "chain_signature": "gly.HIS.glu", "site": "3HUD-4", "chain": "3HUDB"}}, {"model": "core.residue", "pk": 1558, "fields": {"residue_number": 46, "insertion_code": "", "name": "CYS", "atomium_id": "B.46", "chain_identifier": "B", "chain_signature": "ile.CYS.arg", "site": "3HUD-4", "chain": "3HUDB"}}, {"model": "core.residue", "pk": 1559, "fields": {"residue_number": 174, "insertion_code": "", "name": "CYS", "atomium_id": "B.174", "chain_identifier": "B", "chain_signature": "gly.CYS.gly", "site": "3HUD-4", "chain": "3HUDB"}}, {"model": "core.residue", "pk": 1560, "fields": {"residue_number": 531, "insertion_code": "", "name": "HOH", "atomium_id": "A.531", "chain_identifier": "A", "chain_signature": "", "site": "6ISO-1", "chain": null}}, {"model": "core.residue", "pk": 1561, "fields": {"residue_number": 280, "insertion_code": "", "name": "CYS", "atomium_id": "A.280", "chain_identifier": "A", "chain_signature": "arg.CYS.pro", "site": "6ISO-1", "chain": "6ISOA"}}, {"model": "core.residue", "pk": 1562, "fields": {"residue_number": 259, "insertion_code": "", "name": "CYS", "atomium_id": "A.259", "chain_identifier": "A", "chain_signature": "val.CYS.gln", "site": "6ISO-1", "chain": "6ISOA"}}, {"model": "core.residue", "pk": 1563, "fields": {"residue_number": 256, "insertion_code": "", "name": "CYS", "atomium_id": "A.256", "chain_identifier": "A", "chain_signature": "thr.CYS.thr", "site": "6ISO-1", "chain": "6ISOA"}}, {"model": "core.residue", "pk": 1564, "fields": {"residue_number": 139, "insertion_code": "", "name": "HIS", "atomium_id": "A.139", "chain_identifier": "A", "chain_signature": "gly.HIS.thr", "site": "5Y5B-1", "chain": "5Y5BA"}}, {"model": "core.residue", "pk": 1565, "fields": {"residue_number": 158, "insertion_code": "", "name": "CYS", "atomium_id": "A.158", "chain_identifier": "A", "chain_signature": "gly.CYS.phe", "site": "5Y5B-1", "chain": "5Y5BA"}}, {"model": "core.residue", "pk": 1566, "fields": {"residue_number": 81, "insertion_code": "", "name": "ASP", "atomium_id": "A.81", "chain_identifier": "A", "chain_signature": "ser.ASP.ser", "site": "5Y5B-1", "chain": "5Y5BA"}}, {"model": "core.residue", "pk": 1567, "fields": {"residue_number": 77, "insertion_code": "", "name": "HIS", "atomium_id": "A.77", "chain_identifier": "A", "chain_signature": "ser.HIS.phe", "site": "5Y5B-1", "chain": "5Y5BA"}}, {"model": "core.residue", "pk": 1568, "fields": {"residue_number": 303, "insertion_code": "", "name": "SO4", "atomium_id": "A.303", "chain_identifier": "A", "chain_signature": "", "site": "5Y5B-1", "chain": null}}, {"model": "core.residue", "pk": 1569, "fields": {"residue_number": 551, "insertion_code": "", "name": "HOH", "atomium_id": "A.551", "chain_identifier": "A", "chain_signature": "", "site": "5Y5B-1", "chain": null}}, {"model": "core.residue", "pk": 1570, "fields": {"residue_number": 197, "insertion_code": "", "name": "HIS", "atomium_id": "A.197", "chain_identifier": "A", "chain_signature": "ser.HIS.ser", "site": "5Y5B-1", "chain": "5Y5BA"}}, {"model": "core.residue", "pk": 1571, "fields": {"residue_number": 425, "insertion_code": "", "name": "HOH", "atomium_id": "A.425", "chain_identifier": "A", "chain_signature": "", "site": "5Y5B-1", "chain": null}}, {"model": "core.residue", "pk": 1572, "fields": {"residue_number": 79, "insertion_code": "", "name": "HIS", "atomium_id": "A.79", "chain_identifier": "A", "chain_signature": "phe.HIS.ser", "site": "5Y5B-1", "chain": "5Y5BA"}}, {"model": "core.atom", "pk": 12400, "fields": {"atomium_id": 914, "name": "N", "x": -12.014, "y": -2.627, "z": 14.976, "element": "N", "residue": 1490}}, {"model": "core.atom", "pk": 12401, "fields": {"atomium_id": 920, "name": "ND1", "x": -8.295, "y": -2.377, "z": 16.601, "element": "N", "residue": 1490}}, {"model": "core.atom", "pk": 12402, "fields": {"atomium_id": 916, "name": "C", "x": -12.38, "y": -0.167, "z": 14.906, "element": "C", "residue": 1490}}, {"model": "core.atom", "pk": 12403, "fields": {"atomium_id": 921, "name": "CD2", "x": -10.078, "y": -2.794, "z": 17.873, "element": "C", "residue": 1490}}, {"model": "core.atom", "pk": 12404, "fields": {"atomium_id": 922, "name": "CE1", "x": -7.937, "y": -3.211, "z": 17.519, "element": "C", "residue": 1490}}, {"model": "core.atom", "pk": 12405, "fields": {"atomium_id": 917, "name": "O", "x": -12.0, "y": 0.167, "z": 13.775, "element": "O", "residue": 1490}}, {"model": "core.atom", "pk": 12406, "fields": {"atomium_id": 923, "name": "NE2", "x": -8.993, "y": -3.545, "z": 18.296, "element": "N", "residue": 1490}}, {"model": "core.atom", "pk": 12407, "fields": {"atomium_id": 919, "name": "CG", "x": -9.589, "y": -2.043, "z": 16.813, "element": "C", "residue": 1490}}, {"model": "core.atom", "pk": 12408, "fields": {"atomium_id": 915, "name": "CA", "x": -11.771, "y": -1.376, "z": 15.683, "element": "C", "residue": 1490}}, {"model": "core.atom", "pk": 12409, "fields": {"atomium_id": 918, "name": "CB", "x": -10.35, "y": -1.084, "z": 15.965, "element": "C", "residue": 1490}}, {"model": "core.atom", "pk": 12410, "fields": {"atomium_id": 722, "name": "NE2", "x": -7.486, "y": -0.334, "z": 13.493, "element": "N", "residue": 1491}}, {"model": "core.atom", "pk": 12411, "fields": {"atomium_id": 714, "name": "CA", "x": -10.33, "y": -1.46, "z": 10.314, "element": "C", "residue": 1491}}, {"model": "core.atom", "pk": 12412, "fields": {"atomium_id": 721, "name": "CE1", "x": -7.991, "y": 0.876, "z": 13.14, "element": "C", "residue": 1491}}, {"model": "core.atom", "pk": 12413, "fields": {"atomium_id": 720, "name": "CD2", "x": -7.74, "y": -1.209, "z": 12.504, "element": "C", "residue": 1491}}, {"model": "core.atom", "pk": 12414, "fields": {"atomium_id": 715, "name": "C", "x": -10.38, "y": -2.752, "z": 11.162, "element": "C", "residue": 1491}}, {"model": "core.atom", "pk": 12415, "fields": {"atomium_id": 713, "name": "N", "x": -11.221, "y": -0.459, "z": 10.95, "element": "N", "residue": 1491}}, {"model": "core.atom", "pk": 12416, "fields": {"atomium_id": 717, "name": "CB", "x": -8.927, "y": -0.917, "z": 10.173, "element": "C", "residue": 1491}}, {"model": "core.atom", "pk": 12417, "fields": {"atomium_id": 716, "name": "O", "x": -11.064, "y": -2.794, "z": 12.151, "element": "O", "residue": 1491}}, {"model": "core.atom", "pk": 12418, "fields": {"atomium_id": 719, "name": "ND1", "x": -8.551, "y": 0.834, "z": 12.009, "element": "N", "residue": 1491}}, {"model": "core.atom", "pk": 12419, "fields": {"atomium_id": 718, "name": "CG", "x": -8.38, "y": -0.459, "z": 11.515, "element": "C", "residue": 1491}}, {"model": "core.atom", "pk": 12420, "fields": {"atomium_id": 734, "name": "N", "x": -8.088, "y": -6.589, "z": 12.362, "element": "N", "residue": 1492}}, {"model": "core.atom", "pk": 12421, "fields": {"atomium_id": 740, "name": "ND1", "x": -4.711, "y": -5.129, "z": 13.987, "element": "N", "residue": 1492}}, {"model": "core.atom", "pk": 12422, "fields": {"atomium_id": 736, "name": "C", "x": -7.332, "y": -8.799, "z": 12.574, "element": "C", "residue": 1492}}, {"model": "core.atom", "pk": 12423, "fields": {"atomium_id": 741, "name": "CD2", "x": -6.701, "y": -4.587, "z": 14.906, "element": "C", "residue": 1492}}, {"model": "core.atom", "pk": 12424, "fields": {"atomium_id": 742, "name": "CE1", "x": -4.718, "y": -3.878, "z": 14.34, "element": "C", "residue": 1492}}, {"model": "core.atom", "pk": 12425, "fields": {"atomium_id": 737, "name": "O", "x": -8.351, "y": -9.091, "z": 13.21, "element": "O", "residue": 1492}}, {"model": "core.atom", "pk": 12426, "fields": {"atomium_id": 743, "name": "NE2", "x": -5.89, "y": -3.503, "z": 14.906, "element": "N", "residue": 1492}}, {"model": "core.atom", "pk": 12427, "fields": {"atomium_id": 739, "name": "CG", "x": -5.956, "y": -5.588, "z": 14.34, "element": "C", "residue": 1492}}, {"model": "core.atom", "pk": 12428, "fields": {"atomium_id": 735, "name": "CA", "x": -6.881, "y": -7.339, "z": 12.645, "element": "C", "residue": 1492}}, {"model": "core.atom", "pk": 12429, "fields": {"atomium_id": 738, "name": "CB", "x": -6.352, "y": -7.006, "z": 14.058, "element": "C", "residue": 1492}}, {"model": "core.atom", "pk": 12430, "fields": {"atomium_id": 2043, "name": "C9", "x": -3.14, "y": 5.067, "z": 12.835, "element": "C", "residue": 1493}}, {"model": "core.atom", "pk": 12431, "fields": {"atomium_id": 2056, "name": "C5", "x": -3.885, "y": 3.325, "z": 14.626, "element": "C", "residue": 1493}}, {"model": "core.atom", "pk": 12432, "fields": {"atomium_id": 2062, "name": "N8", "x": -3.52, "y": 6.047, "z": 13.837, "element": "N", "residue": 1493}}, {"model": "core.atom", "pk": 12433, "fields": {"atomium_id": 2042, "name": "O5", "x": -2.384, "y": 2.815, "z": 12.791, "element": "O", "residue": 1493}}, {"model": "core.atom", "pk": 12434, "fields": {"atomium_id": 2054, "name": "S1", "x": -5.908, "y": 0.757, "z": 16.895, "element": "S", "residue": 1493}}, {"model": "core.atom", "pk": 12435, "fields": {"atomium_id": 2051, "name": "O1A", "x": -5.486, "y": 0.818, "z": 18.238, "element": "O", "residue": 1493}}, {"model": "core.atom", "pk": 12436, "fields": {"atomium_id": 2059, "name": "S7", "x": -4.963, "y": 5.796, "z": 14.237, "element": "S", "residue": 1493}}, {"model": "core.atom", "pk": 12437, "fields": {"atomium_id": 2048, "name": "C14", "x": -1.925, "y": 9.835, "z": 13.853, "element": "C", "residue": 1493}}, {"model": "core.atom", "pk": 12438, "fields": {"atomium_id": 2049, "name": "C15", "x": -1.951, "y": 9.088, "z": 15.04, "element": "C", "residue": 1493}}, {"model": "core.atom", "pk": 12439, "fields": {"atomium_id": 2046, "name": "C12", "x": -2.963, "y": 8.031, "z": 12.643, "element": "C", "residue": 1493}}, {"model": "core.atom", "pk": 12440, "fields": {"atomium_id": 2060, "name": "O3B", "x": -5.873, "y": 5.845, "z": 13.141, "element": "O", "residue": 1493}}, {"model": "core.atom", "pk": 12441, "fields": {"atomium_id": 2063, "name": "O6", "x": -1.458, "y": 11.137, "z": 13.828, "element": "O", "residue": 1493}}, {"model": "core.atom", "pk": 12442, "fields": {"atomium_id": 2057, "name": "C6", "x": -4.945, "y": 4.189, "z": 14.842, "element": "C", "residue": 1493}}, {"model": "core.atom", "pk": 12443, "fields": {"atomium_id": 2052, "name": "O2A", "x": -7.31, "y": 0.923, "z": 16.875, "element": "O", "residue": 1493}}, {"model": "core.atom", "pk": 12444, "fields": {"atomium_id": 2041, "name": "C3", "x": -5.298, "y": 2.071, "z": 15.976, "element": "C", "residue": 1493}}, {"model": "core.atom", "pk": 12445, "fields": {"atomium_id": 2047, "name": "C13", "x": -2.425, "y": 9.316, "z": 12.657, "element": "C", "residue": 1493}}, {"model": "core.atom", "pk": 12446, "fields": {"atomium_id": 2044, "name": "C10", "x": -2.757, "y": 3.841, "z": 13.697, "element": "C", "residue": 1493}}, {"model": "core.atom", "pk": 12447, "fields": {"atomium_id": 2055, "name": "C4", "x": -4.115, "y": 2.147, "z": 15.289, "element": "C", "residue": 1493}}, {"model": "core.atom", "pk": 12448, "fields": {"atomium_id": 2058, "name": "S2", "x": -6.191, "y": 3.526, "z": 15.811, "element": "S", "residue": 1493}}, {"model": "core.atom", "pk": 12449, "fields": {"atomium_id": 2061, "name": "O4B", "x": -5.453, "y": 6.617, "z": 15.301, "element": "O", "residue": 1493}}, {"model": "core.atom", "pk": 12450, "fields": {"atomium_id": 2050, "name": "C16", "x": -2.507, "y": 7.811, "z": 15.028, "element": "C", "residue": 1493}}, {"model": "core.atom", "pk": 12451, "fields": {"atomium_id": 2064, "name": "C17", "x": -0.075, "y": 11.272, "z": 13.463, "element": "C", "residue": 1493}}, {"model": "core.atom", "pk": 12452, "fields": {"atomium_id": 2053, "name": "N21", "x": -5.52, "y": -0.531, "z": 16.293, "element": "N", "residue": 1493}}, {"model": "core.atom", "pk": 12453, "fields": {"atomium_id": 2045, "name": "C11", "x": -3.018, "y": 7.29, "z": 13.832, "element": "C", "residue": 1493}}, {"model": "core.atom", "pk": 12454, "fields": {"atomium_id": 724, "name": "CA", "x": -10.322, "y": -1.401, "z": 10.439, "element": "C", "residue": 1494}}, {"model": "core.atom", "pk": 12455, "fields": {"atomium_id": 730, "name": "CD2", "x": -7.777, "y": -1.303, "z": 12.824, "element": "C", "residue": 1494}}, {"model": "core.atom", "pk": 12456, "fields": {"atomium_id": 727, "name": "CB", "x": -8.863, "y": -0.916, "z": 10.516, "element": "C", "residue": 1494}}, {"model": "core.atom", "pk": 12457, "fields": {"atomium_id": 726, "name": "O", "x": -11.229, "y": -2.821, "z": 12.181, "element": "O", "residue": 1494}}, {"model": "core.atom", "pk": 12458, "fields": {"atomium_id": 728, "name": "CG", "x": -8.391, "y": -0.495, "z": 11.906, "element": "C", "residue": 1494}}, {"model": "core.atom", "pk": 12459, "fields": {"atomium_id": 732, "name": "NE2", "x": -7.54, "y": -0.539, "z": 13.855, "element": "N", "residue": 1494}}, {"model": "core.atom", "pk": 12460, "fields": {"atomium_id": 723, "name": "N", "x": -11.219, "y": -0.423, "z": 11.023, "element": "N", "residue": 1494}}, {"model": "core.atom", "pk": 12461, "fields": {"atomium_id": 731, "name": "CE1", "x": -7.971, "y": 0.683, "z": 13.626, "element": "C", "residue": 1494}}, {"model": "core.atom", "pk": 12462, "fields": {"atomium_id": 725, "name": "C", "x": -10.455, "y": -2.699, "z": 11.217, "element": "C", "residue": 1494}}, {"model": "core.atom", "pk": 12463, "fields": {"atomium_id": 729, "name": "ND1", "x": -8.495, "y": 0.714, "z": 12.436, "element": "N", "residue": 1494}}, {"model": "core.atom", "pk": 12464, "fields": {"atomium_id": 926, "name": "C", "x": -12.519, "y": -0.161, "z": 15.012, "element": "C", "residue": 1495}}, {"model": "core.atom", "pk": 12465, "fields": {"atomium_id": 927, "name": "O", "x": -12.22, "y": 0.174, "z": 13.858, "element": "O", "residue": 1495}}, {"model": "core.atom", "pk": 12466, "fields": {"atomium_id": 928, "name": "CB", "x": -10.391, "y": -1.076, "z": 15.843, "element": "C", "residue": 1495}}, {"model": "core.atom", "pk": 12467, "fields": {"atomium_id": 932, "name": "CE1", "x": -8.103, "y": -3.269, "z": 17.545, "element": "C", "residue": 1495}}, {"model": "core.atom", "pk": 12468, "fields": {"atomium_id": 931, "name": "CD2", "x": -10.189, "y": -2.807, "z": 17.702, "element": "C", "residue": 1495}}, {"model": "core.atom", "pk": 12469, "fields": {"atomium_id": 933, "name": "NE2", "x": -9.211, "y": -3.5, "z": 18.186, "element": "N", "residue": 1495}}, {"model": "core.atom", "pk": 12470, "fields": {"atomium_id": 930, "name": "ND1", "x": -8.345, "y": -2.397, "z": 16.61, "element": "N", "residue": 1495}}, {"model": "core.atom", "pk": 12471, "fields": {"atomium_id": 929, "name": "CG", "x": -9.634, "y": -2.086, "z": 16.688, "element": "C", "residue": 1495}}, {"model": "core.atom", "pk": 12472, "fields": {"atomium_id": 924, "name": "N", "x": -12.089, "y": -2.527, "z": 14.932, "element": "N", "residue": 1495}}, {"model": "core.atom", "pk": 12473, "fields": {"atomium_id": 925, "name": "CA", "x": -11.871, "y": -1.338, "z": 15.701, "element": "C", "residue": 1495}}, {"model": "core.atom", "pk": 12474, "fields": {"atomium_id": 747, "name": "O", "x": -8.484, "y": -8.874, "z": 13.09, "element": "O", "residue": 1496}}, {"model": "core.atom", "pk": 12475, "fields": {"atomium_id": 748, "name": "CB", "x": -6.431, "y": -6.912, "z": 14.188, "element": "C", "residue": 1496}}, {"model": "core.atom", "pk": 12476, "fields": {"atomium_id": 746, "name": "C", "x": -7.393, "y": -8.565, "z": 12.574, "element": "C", "residue": 1496}}, {"model": "core.atom", "pk": 12477, "fields": {"atomium_id": 752, "name": "CE1", "x": -4.897, "y": -3.652, "z": 14.408, "element": "C", "residue": 1496}}, {"model": "core.atom", "pk": 12478, "fields": {"atomium_id": 751, "name": "CD2", "x": -6.832, "y": -4.449, "z": 14.765, "element": "C", "residue": 1496}}, {"model": "core.atom", "pk": 12479, "fields": {"atomium_id": 753, "name": "NE2", "x": -6.116, "y": -3.368, "z": 14.78, "element": "N", "residue": 1496}}, {"model": "core.atom", "pk": 12480, "fields": {"atomium_id": 750, "name": "ND1", "x": -4.81, "y": -4.936, "z": 14.145, "element": "N", "residue": 1496}}, {"model": "core.atom", "pk": 12481, "fields": {"atomium_id": 749, "name": "CG", "x": -6.005, "y": -5.464, "z": 14.364, "element": "C", "residue": 1496}}, {"model": "core.atom", "pk": 12482, "fields": {"atomium_id": 744, "name": "N", "x": -8.13, "y": -6.407, "z": 12.503, "element": "N", "residue": 1496}}, {"model": "core.atom", "pk": 12483, "fields": {"atomium_id": 745, "name": "CA", "x": -6.908, "y": -7.141, "z": 12.752, "element": "C", "residue": 1496}}, {"model": "core.atom", "pk": 12484, "fields": {"atomium_id": 2077, "name": "F21", "x": -0.275, "y": 7.33, "z": 11.714, "element": "F", "residue": 1497}}, {"model": "core.atom", "pk": 12485, "fields": {"atomium_id": 2066, "name": "C10", "x": -2.794, "y": 7.534, "z": 12.947, "element": "C", "residue": 1497}}, {"model": "core.atom", "pk": 12486, "fields": {"atomium_id": 2058, "name": "C02", "x": -4.212, "y": 2.399, "z": 15.58, "element": "C", "residue": 1497}}, {"model": "core.atom", "pk": 12487, "fields": {"atomium_id": 2063, "name": "C07", "x": -4.277, "y": 5.768, "z": 13.697, "element": "C", "residue": 1497}}, {"model": "core.atom", "pk": 12488, "fields": {"atomium_id": 2074, "name": "C18", "x": 0.528, "y": 9.752, "z": 14.446, "element": "C", "residue": 1497}}, {"model": "core.atom", "pk": 12489, "fields": {"atomium_id": 2069, "name": "O13", "x": -7.534, "y": 0.956, "z": 16.979, "element": "O", "residue": 1497}}, {"model": "core.atom", "pk": 12490, "fields": {"atomium_id": 2072, "name": "C16", "x": -0.424, "y": 8.131, "z": 12.778, "element": "C", "residue": 1497}}, {"model": "core.atom", "pk": 12491, "fields": {"atomium_id": 2071, "name": "C15", "x": -1.692, "y": 8.262, "z": 13.436, "element": "C", "residue": 1497}}, {"model": "core.atom", "pk": 12492, "fields": {"atomium_id": 2062, "name": "C06", "x": -4.702, "y": 4.537, "z": 14.492, "element": "C", "residue": 1497}}, {"model": "core.atom", "pk": 12493, "fields": {"atomium_id": 2067, "name": "S11", "x": -6.093, "y": 0.777, "z": 16.853, "element": "S", "residue": 1497}}, {"model": "core.atom", "pk": 12494, "fields": {"atomium_id": 2064, "name": "O08", "x": -5.188, "y": 6.553, "z": 13.444, "element": "O", "residue": 1497}}, {"model": "core.atom", "pk": 12495, "fields": {"atomium_id": 2073, "name": "C17", "x": 0.697, "y": 8.886, "z": 13.294, "element": "C", "residue": 1497}}, {"model": "core.atom", "pk": 12496, "fields": {"atomium_id": 2061, "name": "C05", "x": -6.026, "y": 4.381, "z": 14.868, "element": "C", "residue": 1497}}, {"model": "core.atom", "pk": 12497, "fields": {"atomium_id": 2059, "name": "C03", "x": -5.588, "y": 2.254, "z": 15.948, "element": "C", "residue": 1497}}, {"model": "core.atom", "pk": 12498, "fields": {"atomium_id": 2065, "name": "N09", "x": -2.971, "y": 6.099, "z": 13.219, "element": "N", "residue": 1497}}, {"model": "core.atom", "pk": 12499, "fields": {"atomium_id": 2075, "name": "C19", "x": -0.756, "y": 9.867, "z": 15.09, "element": "C", "residue": 1497}}, {"model": "core.atom", "pk": 12500, "fields": {"atomium_id": 2057, "name": "C01", "x": -3.794, "y": 3.538, "z": 14.855, "element": "C", "residue": 1497}}, {"model": "core.atom", "pk": 12501, "fields": {"atomium_id": 2076, "name": "C20", "x": -1.863, "y": 9.128, "z": 14.592, "element": "C", "residue": 1497}}, {"model": "core.atom", "pk": 12502, "fields": {"atomium_id": 2068, "name": "NP2", "x": -5.612, "y": -0.601, "z": 16.01, "element": "N", "residue": 1497}}, {"model": "core.atom", "pk": 12503, "fields": {"atomium_id": 2078, "name": "F22", "x": -3.047, "y": 9.252, "z": 15.207, "element": "F", "residue": 1497}}, {"model": "core.atom", "pk": 12504, "fields": {"atomium_id": 2070, "name": "O14", "x": -5.442, "y": 0.954, "z": 18.154, "element": "O", "residue": 1497}}, {"model": "core.atom", "pk": 12505, "fields": {"atomium_id": 2060, "name": "C04", "x": -6.467, "y": 3.268, "z": 15.578, "element": "C", "residue": 1497}}, {"model": "core.atom", "pk": 12506, "fields": {"atomium_id": 754, "name": "N", "x": -8.124, "y": -6.543, "z": 12.399, "element": "N", "residue": 1498}}, {"model": "core.atom", "pk": 12507, "fields": {"atomium_id": 758, "name": "CB", "x": -6.37, "y": -6.937, "z": 14.087, "element": "C", "residue": 1498}}, {"model": "core.atom", "pk": 12508, "fields": {"atomium_id": 756, "name": "C", "x": -7.328, "y": -8.65, "z": 12.52, "element": "C", "residue": 1498}}, {"model": "core.atom", "pk": 12509, "fields": {"atomium_id": 759, "name": "CG", "x": -6.04, "y": -5.5, "z": 14.357, "element": "C", "residue": 1498}}, {"model": "core.atom", "pk": 12510, "fields": {"atomium_id": 757, "name": "O", "x": -8.422, "y": -8.986, "z": 12.99, "element": "O", "residue": 1498}}, {"model": "core.atom", "pk": 12511, "fields": {"atomium_id": 763, "name": "NE2", "x": -6.093, "y": -3.285, "z": 14.826, "element": "N", "residue": 1498}}, {"model": "core.atom", "pk": 12512, "fields": {"atomium_id": 762, "name": "CE1", "x": -4.871, "y": -3.636, "z": 14.472, "element": "C", "residue": 1498}}, {"model": "core.atom", "pk": 12513, "fields": {"atomium_id": 761, "name": "CD2", "x": -6.837, "y": -4.476, "z": 14.753, "element": "C", "residue": 1498}}, {"model": "core.atom", "pk": 12514, "fields": {"atomium_id": 755, "name": "CA", "x": -6.858, "y": -7.202, "z": 12.66, "element": "C", "residue": 1498}}, {"model": "core.atom", "pk": 12515, "fields": {"atomium_id": 760, "name": "ND1", "x": -4.793, "y": -4.951, "z": 14.187, "element": "N", "residue": 1498}}, {"model": "core.atom", "pk": 12516, "fields": {"atomium_id": 737, "name": "CB", "x": -8.916, "y": -0.925, "z": 10.407, "element": "C", "residue": 1499}}, {"model": "core.atom", "pk": 12517, "fields": {"atomium_id": 739, "name": "ND1", "x": -8.607, "y": 0.595, "z": 12.414, "element": "N", "residue": 1499}}, {"model": "core.atom", "pk": 12518, "fields": {"atomium_id": 735, "name": "C", "x": -10.417, "y": -2.732, "z": 11.219, "element": "C", "residue": 1499}}, {"model": "core.atom", "pk": 12519, "fields": {"atomium_id": 733, "name": "N", "x": -11.256, "y": -0.482, "z": 11.016, "element": "N", "residue": 1499}}, {"model": "core.atom", "pk": 12520, "fields": {"atomium_id": 740, "name": "CD2", "x": -7.724, "y": -1.378, "z": 12.661, "element": "C", "residue": 1499}}, {"model": "core.atom", "pk": 12521, "fields": {"atomium_id": 742, "name": "NE2", "x": -7.52, "y": -0.673, "z": 13.845, "element": "N", "residue": 1499}}, {"model": "core.atom", "pk": 12522, "fields": {"atomium_id": 736, "name": "O", "x": -11.044, "y": -2.782, "z": 12.281, "element": "O", "residue": 1499}}, {"model": "core.atom", "pk": 12523, "fields": {"atomium_id": 741, "name": "CE1", "x": -8.073, "y": 0.51, "z": 13.641, "element": "C", "residue": 1499}}, {"model": "core.atom", "pk": 12524, "fields": {"atomium_id": 734, "name": "CA", "x": -10.355, "y": -1.45, "z": 10.407, "element": "C", "residue": 1499}}, {"model": "core.atom", "pk": 12525, "fields": {"atomium_id": 738, "name": "CG", "x": -8.4, "y": -0.604, "z": 11.775, "element": "C", "residue": 1499}}, {"model": "core.atom", "pk": 12526, "fields": {"atomium_id": 942, "name": "CE1", "x": -7.827, "y": -3.201, "z": 17.319, "element": "C", "residue": 1500}}, {"model": "core.atom", "pk": 12527, "fields": {"atomium_id": 937, "name": "O", "x": -12.196, "y": 0.121, "z": 13.872, "element": "O", "residue": 1500}}, {"model": "core.atom", "pk": 12528, "fields": {"atomium_id": 936, "name": "C", "x": -12.493, "y": -0.195, "z": 15.035, "element": "C", "residue": 1500}}, {"model": "core.atom", "pk": 12529, "fields": {"atomium_id": 941, "name": "CD2", "x": -9.98, "y": -2.926, "z": 17.576, "element": "C", "residue": 1500}}, {"model": "core.atom", "pk": 12530, "fields": {"atomium_id": 935, "name": "CA", "x": -11.806, "y": -1.381, "z": 15.701, "element": "C", "residue": 1500}}, {"model": "core.atom", "pk": 12531, "fields": {"atomium_id": 943, "name": "NE2", "x": -8.889, "y": -3.625, "z": 18.028, "element": "N", "residue": 1500}}, {"model": "core.atom", "pk": 12532, "fields": {"atomium_id": 934, "name": "N", "x": -12.041, "y": -2.582, "z": 14.919, "element": "N", "residue": 1500}}, {"model": "core.atom", "pk": 12533, "fields": {"atomium_id": 938, "name": "CB", "x": -10.295, "y": -1.088, "z": 15.8, "element": "C", "residue": 1500}}, {"model": "core.atom", "pk": 12534, "fields": {"atomium_id": 939, "name": "CG", "x": -9.529, "y": -2.099, "z": 16.598, "element": "C", "residue": 1500}}, {"model": "core.atom", "pk": 12535, "fields": {"atomium_id": 940, "name": "ND1", "x": -8.161, "y": -2.277, "z": 16.439, "element": "N", "residue": 1500}}, {"model": "core.atom", "pk": 12536, "fields": {"atomium_id": 473, "name": "NE2", "x": -1.577, "y": 0.892, "z": 7.097, "element": "N", "residue": 1501}}, {"model": "core.atom", "pk": 12537, "fields": {"atomium_id": 469, "name": "CG", "x": -3.234, "y": 2.23, "z": 6.496, "element": "C", "residue": 1501}}, {"model": "core.atom", "pk": 12538, "fields": {"atomium_id": 466, "name": "C", "x": -5.053, "y": 5.333, "z": 5.108, "element": "C", "residue": 1501}}, {"model": "core.atom", "pk": 12539, "fields": {"atomium_id": 464, "name": "N", "x": -2.682, "y": 4.979, "z": 5.617, "element": "N", "residue": 1501}}, {"model": "core.atom", "pk": 12540, "fields": {"atomium_id": 470, "name": "ND1", "x": -3.012, "y": 1.275, "z": 5.529, "element": "N", "residue": 1501}}, {"model": "core.atom", "pk": 12541, "fields": {"atomium_id": 474, "name": "H", "x": -2.236, "y": 4.863, "z": 6.471, "element": "H", "residue": 1501}}, {"model": "core.atom", "pk": 12542, "fields": {"atomium_id": 472, "name": "CE1", "x": -2.01, "y": 0.491, "z": 5.92, "element": "C", "residue": 1501}}, {"model": "core.atom", "pk": 12543, "fields": {"atomium_id": 476, "name": "HB2", "x": -4.205, "y": 3.811, "z": 7.253, "element": "H", "residue": 1501}}, {"model": "core.atom", "pk": 12544, "fields": {"atomium_id": 479, "name": "HD2", "x": -2.211, "y": 2.561, "z": 8.373, "element": "H", "residue": 1501}}, {"model": "core.atom", "pk": 12545, "fields": {"atomium_id": 467, "name": "O", "x": -5.987, "y": 5.107, "z": 4.337, "element": "O", "residue": 1501}}, {"model": "core.atom", "pk": 12546, "fields": {"atomium_id": 465, "name": "CA", "x": -3.937, "y": 4.319, "z": 5.275, "element": "C", "residue": 1501}}, {"model": "core.atom", "pk": 12547, "fields": {"atomium_id": 475, "name": "HA", "x": -3.854, "y": 3.784, "z": 4.328, "element": "H", "residue": 1501}}, {"model": "core.atom", "pk": 12548, "fields": {"atomium_id": 480, "name": "HE1", "x": -1.68, "y": -0.327, "z": 5.289, "element": "H", "residue": 1501}}, {"model": "core.atom", "pk": 12549, "fields": {"atomium_id": 471, "name": "CD2", "x": -2.32, "y": 1.988, "z": 7.472, "element": "C", "residue": 1501}}, {"model": "core.atom", "pk": 12550, "fields": {"atomium_id": 477, "name": "HB3", "x": -5.213, "y": 2.823, "z": 6.148, "element": "H", "residue": 1501}}, {"model": "core.atom", "pk": 12551, "fields": {"atomium_id": 478, "name": "HD1", "x": -3.501, "y": 1.181, "z": 4.686, "element": "H", "residue": 1501}}, {"model": "core.atom", "pk": 12552, "fields": {"atomium_id": 468, "name": "CB", "x": -4.279, "y": 3.296, "z": 6.353, "element": "C", "residue": 1501}}, {"model": "core.atom", "pk": 12553, "fields": {"atomium_id": 1753, "name": "O", "x": -1.19, "y": -0.728, "z": 9.851, "element": "O", "residue": 1502}}, {"model": "core.atom", "pk": 12554, "fields": {"atomium_id": 1753, "name": "O", "x": 1.2254664939664, "y": -0.6665702305219999, "z": 9.851, "element": "O", "residue": 1503}}, {"model": "core.atom", "pk": 12555, "fields": {"atomium_id": 466, "name": "C", "x": -2.0920134784654003, "y": -7.0425263654014, "z": 5.108, "element": "C", "residue": 1504}}, {"model": "core.atom", "pk": 12556, "fields": {"atomium_id": 480, "name": "HE1", "x": 1.1231903070426, "y": -1.291422678384, "z": 5.289, "element": "H", "residue": 1504}}, {"model": "core.atom", "pk": 12557, "fields": {"atomium_id": 467, "name": "O", "x": -1.4292917372066003, "y": -7.7383940925506, "z": 4.337, "element": "O", "residue": 1504}}, {"model": "core.atom", "pk": 12558, "fields": {"atomium_id": 470, "name": "ND1", "x": 0.40181761015500006, "y": -3.2459685162456005, "z": 5.529, "element": "N", "residue": 1504}}, {"model": "core.atom", "pk": 12559, "fields": {"atomium_id": 477, "name": "HB3", "x": 0.16171028507259996, "y": -5.926090430009401, "z": 6.148, "element": "H", "residue": 1504}}, {"model": "core.atom", "pk": 12560, "fields": {"atomium_id": 468, "name": "CB", "x": -0.7149197309248, "y": -5.3537227028602, "z": 6.353, "element": "C", "residue": 1504}}, {"model": "core.atom", "pk": 12561, "fields": {"atomium_id": 469, "name": "CG", "x": -0.31423665047400007, "y": -3.9157261558892005, "z": 6.496, "element": "C", "residue": 1504}}, {"model": "core.atom", "pk": 12562, "fields": {"atomium_id": 472, "name": "CE1", "x": 0.5797815267341999, "y": -1.986211061638, "z": 5.92, "element": "C", "residue": 1504}}, {"model": "core.atom", "pk": 12563, "fields": {"atomium_id": 471, "name": "CD2", "x": -0.5616585027544001, "y": -3.003178936816, "z": 7.472, "element": "C", "residue": 1504}}, {"model": "core.atom", "pk": 12564, "fields": {"atomium_id": 478, "name": "HD1", "x": 0.7277239981121999, "y": -3.6224549387038, "z": 4.686, "element": "H", "residue": 1504}}, {"model": "core.atom", "pk": 12565, "fields": {"atomium_id": 474, "name": "H", "x": -3.0934815386794003, "y": -4.3679328028968, "z": 6.471, "element": "H", "residue": 1504}}, {"model": "core.atom", "pk": 12566, "fields": {"atomium_id": 473, "name": "NE2", "x": 0.01600533981039993, "y": -1.8117220617926, "z": 7.097, "element": "N", "residue": 1504}}, {"model": "core.atom", "pk": 12567, "fields": {"atomium_id": 465, "name": "CA", "x": -1.7718637190122002, "y": -5.5690420147605995, "z": 5.275, "element": "C", "residue": 1504}}, {"model": "core.atom", "pk": 12568, "fields": {"atomium_id": 475, "name": "HA", "x": -1.3500401279792, "y": -5.2296619062452, "z": 4.328, "element": "H", "residue": 1504}}, {"model": "core.atom", "pk": 12569, "fields": {"atomium_id": 476, "name": "HB2", "x": -1.1979228138818, "y": -5.547136822979001, "z": 7.253, "element": "H", "residue": 1504}}, {"model": "core.atom", "pk": 12570, "fields": {"atomium_id": 464, "name": "N", "x": -2.9709404855202, "y": -4.8121801329916, "z": 5.617, "element": "N", "residue": 1504}}, {"model": "core.atom", "pk": 12571, "fields": {"atomium_id": 479, "name": "HD2", "x": -1.1123910591318, "y": -3.1952821678017997, "z": 8.373, "element": "H", "residue": 1504}}, {"model": "core.atom", "pk": 12572, "fields": {"atomium_id": 1753, "name": "O", "x": -0.03546649396640004, "y": 1.394570230522, "z": 9.851, "element": "O", "residue": 1505}}, {"model": "core.atom", "pk": 12573, "fields": {"atomium_id": 473, "name": "NE2", "x": 1.5609946601896, "y": 0.9197220617926001, "z": 7.097, "element": "N", "residue": 1506}}, {"model": "core.atom", "pk": 12574, "fields": {"atomium_id": 469, "name": "CG", "x": 3.548236650474, "y": 1.6857261558892003, "z": 6.496, "element": "C", "residue": 1506}}, {"model": "core.atom", "pk": 12575, "fields": {"atomium_id": 465, "name": "CA", "x": 5.7088637190122, "y": 1.2500420147606, "z": 5.275, "element": "C", "residue": 1506}}, {"model": "core.atom", "pk": 12576, "fields": {"atomium_id": 466, "name": "C", "x": 7.1450134784654, "y": 1.7095263654014001, "z": 5.108, "element": "C", "residue": 1506}}, {"model": "core.atom", "pk": 12577, "fields": {"atomium_id": 464, "name": "N", "x": 5.6529404855202, "y": -0.1668198670084, "z": 5.617, "element": "N", "residue": 1506}}, {"model": "core.atom", "pk": 12578, "fields": {"atomium_id": 470, "name": "ND1", "x": 2.610182389845, "y": 1.9709685162456003, "z": 5.529, "element": "N", "residue": 1506}}, {"model": "core.atom", "pk": 12579, "fields": {"atomium_id": 472, "name": "CE1", "x": 1.4302184732657999, "y": 1.4952110616379999, "z": 5.92, "element": "C", "residue": 1506}}, {"model": "core.atom", "pk": 12580, "fields": {"atomium_id": 474, "name": "H", "x": 5.329481538679401, "y": -0.4950671971031999, "z": 6.471, "element": "H", "residue": 1506}}, {"model": "core.atom", "pk": 12581, "fields": {"atomium_id": 476, "name": "HB2", "x": 5.4029228138818, "y": 1.7361368229790002, "z": 7.253, "element": "H", "residue": 1506}}, {"model": "core.atom", "pk": 12582, "fields": {"atomium_id": 479, "name": "HD2", "x": 3.3233910591318, "y": 0.6342821678018, "z": 8.373, "element": "H", "residue": 1506}}, {"model": "core.atom", "pk": 12583, "fields": {"atomium_id": 467, "name": "O", "x": 7.416291737206601, "y": 2.6313940925506, "z": 4.337, "element": "O", "residue": 1506}}, {"model": "core.atom", "pk": 12584, "fields": {"atomium_id": 475, "name": "HA", "x": 5.2040401279792, "y": 1.4456619062452005, "z": 4.328, "element": "H", "residue": 1506}}, {"model": "core.atom", "pk": 12585, "fields": {"atomium_id": 480, "name": "HE1", "x": 0.5568096929573999, "y": 1.618422678384, "z": 5.289, "element": "H", "residue": 1506}}, {"model": "core.atom", "pk": 12586, "fields": {"atomium_id": 471, "name": "CD2", "x": 2.8816585027544, "y": 1.0151789368159998, "z": 7.472, "element": "C", "residue": 1506}}, {"model": "core.atom", "pk": 12587, "fields": {"atomium_id": 477, "name": "HB3", "x": 5.0512897149274005, "y": 3.1030904300094004, "z": 6.148, "element": "H", "residue": 1506}}, {"model": "core.atom", "pk": 12588, "fields": {"atomium_id": 478, "name": "HD1", "x": 2.7732760018878, "y": 2.4414549387038, "z": 4.686, "element": "H", "residue": 1506}}, {"model": "core.atom", "pk": 12589, "fields": {"atomium_id": 468, "name": "CB", "x": 4.9939197309248, "y": 2.0577227028602003, "z": 6.353, "element": "C", "residue": 1506}}, {"model": "core.atom", "pk": 12590, "fields": {"atomium_id": 1878, "name": "O", "x": 1.612, "y": -0.091, "z": -9.818, "element": "O", "residue": 1507}}, {"model": "core.atom", "pk": 12591, "fields": {"atomium_id": 1878, "name": "O", "x": -0.8848083117458001, "y": -1.3505329509256, "z": -9.818, "element": "O", "residue": 1508}}, {"model": "core.atom", "pk": 12592, "fields": {"atomium_id": 1878, "name": "O", "x": -0.7271916882542, "y": 1.4415329509256003, "z": -9.818, "element": "O", "residue": 1509}}, {"model": "core.atom", "pk": 12593, "fields": {"atomium_id": 1324, "name": "HB3", "x": -5.8843065109240005, "y": 0.23191784414339978, "z": -6.301, "element": "H", "residue": 1510}}, {"model": "core.atom", "pk": 12594, "fields": {"atomium_id": 1320, "name": "NE2", "x": -1.8319637315432, "y": 0.045054260628999976, "z": -7.245, "element": "N", "residue": 1510}}, {"model": "core.atom", "pk": 12595, "fields": {"atomium_id": 1327, "name": "HE1", "x": -1.2447806510924, "y": 1.1600233319825999, "z": -5.508, "element": "H", "residue": 1510}}, {"model": "core.atom", "pk": 12596, "fields": {"atomium_id": 1315, "name": "CB", "x": -5.3421199774442, "y": -0.6651767790389995, "z": -6.504, "element": "C", "residue": 1510}}, {"model": "core.atom", "pk": 12597, "fields": {"atomium_id": 1314, "name": "O", "x": -7.768729004272, "y": -1.4241666545262004, "z": -4.548, "element": "O", "residue": 1510}}, {"model": "core.atom", "pk": 12598, "fields": {"atomium_id": 1311, "name": "N", "x": -4.7732877786078, "y": -2.8944230484560003, "z": -5.675, "element": "N", "residue": 1510}}, {"model": "core.atom", "pk": 12599, "fields": {"atomium_id": 1317, "name": "ND1", "x": -3.228835922861, "y": 0.40250786765940005, "z": -5.654, "element": "N", "residue": 1510}}, {"model": "core.atom", "pk": 12600, "fields": {"atomium_id": 1321, "name": "H", "x": -4.2794397949144, "y": -2.9637928474226, "z": -6.503, "element": "H", "residue": 1510}}, {"model": "core.atom", "pk": 12601, "fields": {"atomium_id": 1323, "name": "HB2", "x": -5.6365012821352005, "y": -1.0452934025305998, "z": -7.463, "element": "H", "residue": 1510}}, {"model": "core.atom", "pk": 12602, "fields": {"atomium_id": 1313, "name": "C", "x": -7.038440621018, "y": -2.0290632385044, "z": -5.323, "element": "C", "residue": 1510}}, {"model": "core.atom", "pk": 12603, "fields": {"atomium_id": 1325, "name": "HD1", "x": -3.5573833269702, "y": 0.7035686642744001, "z": -4.791, "element": "H", "residue": 1510}}, {"model": "core.atom", "pk": 12604, "fields": {"atomium_id": 1326, "name": "HD2", "x": -3.2380344676350004, "y": -1.0415597854754002, "z": -8.541, "element": "H", "residue": 1510}}, {"model": "core.atom", "pk": 12605, "fields": {"atomium_id": 1312, "name": "CA", "x": -5.564328141161201, "y": -1.7103009496562003, "z": -5.423, "element": "C", "residue": 1510}}, {"model": "core.atom", "pk": 12606, "fields": {"atomium_id": 1319, "name": "CE1", "x": -1.9811220987998, "y": 0.5894041311038, "z": -6.056, "element": "C", "residue": 1510}}, {"model": "core.atom", "pk": 12607, "fields": {"atomium_id": 1322, "name": "HA", "x": -5.327329522372801, "y": -1.2847945987062002, "z": -4.475, "element": "H", "residue": 1510}}, {"model": "core.atom", "pk": 12608, "fields": {"atomium_id": 1316, "name": "CG", "x": -3.9110696754139997, "y": -0.28582861030959994, "z": -6.638, "element": "C", "residue": 1510}}, {"model": "core.atom", "pk": 12609, "fields": {"atomium_id": 1318, "name": "CD2", "x": -3.0217249597136, "y": -0.5102188433378, "z": -7.628, "element": "C", "residue": 1510}}, {"model": "core.atom", "pk": 12610, "fields": {"atomium_id": 1323, "name": "HB2", "x": 3.7235012821352003, "y": -4.3587065974694, "z": -7.463, "element": "H", "residue": 1511}}, {"model": "core.atom", "pk": 12611, "fields": {"atomium_id": 1312, "name": "CA", "x": 4.2633281411612005, "y": -3.9636990503438003, "z": -5.423, "element": "C", "residue": 1511}}, {"model": "core.atom", "pk": 12612, "fields": {"atomium_id": 1314, "name": "O", "x": 5.117729004272, "y": -6.0158333454737996, "z": -4.548, "element": "O", "residue": 1511}}, {"model": "core.atom", "pk": 12613, "fields": {"atomium_id": 1311, "name": "N", "x": 4.8932877786078, "y": -2.686576951544, "z": -5.675, "element": "N", "residue": 1511}}, {"model": "core.atom", "pk": 12614, "fields": {"atomium_id": 1322, "name": "HA", "x": 3.7763295223728006, "y": -3.9712054012938003, "z": -4.475, "element": "H", "residue": 1511}}, {"model": "core.atom", "pk": 12615, "fields": {"atomium_id": 1313, "name": "C", "x": 5.276440621018001, "y": -5.0809367614956, "z": -5.323, "element": "C", "residue": 1511}}, {"model": "core.atom", "pk": 12616, "fields": {"atomium_id": 1319, "name": "CE1", "x": 0.48012209879980017, "y": -2.0104041311038, "z": -6.056, "element": "C", "residue": 1511}}, {"model": "core.atom", "pk": 12617, "fields": {"atomium_id": 1315, "name": "CB", "x": 3.2471199774442, "y": -4.293823220961, "z": -6.504, "element": "C", "residue": 1511}}, {"model": "core.atom", "pk": 12618, "fields": {"atomium_id": 1316, "name": "CG", "x": 2.203069675414, "y": -3.2441713896903996, "z": -6.638, "element": "C", "residue": 1511}}, {"model": "core.atom", "pk": 12619, "fields": {"atomium_id": 1324, "name": "HB3", "x": 2.7413065109240007, "y": -5.2119178441434, "z": -6.301, "element": "H", "residue": 1511}}, {"model": "core.atom", "pk": 12620, "fields": {"atomium_id": 1325, "name": "HD1", "x": 1.1693833269702003, "y": -3.4325686642744, "z": -4.791, "element": "H", "residue": 1511}}, {"model": "core.atom", "pk": 12621, "fields": {"atomium_id": 1326, "name": "HD2", "x": 2.5210344676350003, "y": -2.2834402145246, "z": -8.541, "element": "H", "residue": 1511}}, {"model": "core.atom", "pk": 12622, "fields": {"atomium_id": 1318, "name": "CD2", "x": 1.9527249597136, "y": -2.3617811566622, "z": -7.628, "element": "C", "residue": 1511}}, {"model": "core.atom", "pk": 12623, "fields": {"atomium_id": 1317, "name": "ND1", "x": 1.2658359228610003, "y": -2.9975078676594, "z": -5.654, "element": "N", "residue": 1511}}, {"model": "core.atom", "pk": 12624, "fields": {"atomium_id": 1320, "name": "NE2", "x": 0.8769637315432002, "y": -1.6090542606290001, "z": -7.245, "element": "N", "residue": 1511}}, {"model": "core.atom", "pk": 12625, "fields": {"atomium_id": 1327, "name": "HE1", "x": -0.3822193489076, "y": -1.6580233319826, "z": -5.508, "element": "H", "residue": 1511}}, {"model": "core.atom", "pk": 12626, "fields": {"atomium_id": 1321, "name": "H", "x": 4.7064397949144, "y": -2.2242071525774, "z": -6.503, "element": "H", "residue": 1511}}, {"model": "core.atom", "pk": 12627, "fields": {"atomium_id": 1323, "name": "HB2", "x": 1.913, "y": 5.404, "z": -7.463, "element": "H", "residue": 1512}}, {"model": "core.atom", "pk": 12628, "fields": {"atomium_id": 1314, "name": "O", "x": 2.651, "y": 7.44, "z": -4.548, "element": "O", "residue": 1512}}, {"model": "core.atom", "pk": 12629, "fields": {"atomium_id": 1325, "name": "HD1", "x": 2.388, "y": 2.729, "z": -4.791, "element": "H", "residue": 1512}}, {"model": "core.atom", "pk": 12630, "fields": {"atomium_id": 1322, "name": "HA", "x": 1.551, "y": 5.256, "z": -4.475, "element": "H", "residue": 1512}}, {"model": "core.atom", "pk": 12631, "fields": {"atomium_id": 1311, "name": "N", "x": -0.12, "y": 5.581, "z": -5.675, "element": "N", "residue": 1512}}, {"model": "core.atom", "pk": 12632, "fields": {"atomium_id": 1313, "name": "C", "x": 1.762, "y": 7.11, "z": -5.323, "element": "C", "residue": 1512}}, {"model": "core.atom", "pk": 12633, "fields": {"atomium_id": 1315, "name": "CB", "x": 2.095, "y": 4.959, "z": -6.504, "element": "C", "residue": 1512}}, {"model": "core.atom", "pk": 12634, "fields": {"atomium_id": 1319, "name": "CE1", "x": 1.501, "y": 1.421, "z": -6.056, "element": "C", "residue": 1512}}, {"model": "core.atom", "pk": 12635, "fields": {"atomium_id": 1316, "name": "CG", "x": 1.708, "y": 3.53, "z": -6.638, "element": "C", "residue": 1512}}, {"model": "core.atom", "pk": 12636, "fields": {"atomium_id": 1324, "name": "HB3", "x": 3.143, "y": 4.98, "z": -6.301, "element": "H", "residue": 1512}}, {"model": "core.atom", "pk": 12637, "fields": {"atomium_id": 1326, "name": "HD2", "x": 0.717, "y": 3.325, "z": -8.541, "element": "H", "residue": 1512}}, {"model": "core.atom", "pk": 12638, "fields": {"atomium_id": 1318, "name": "CD2", "x": 1.069, "y": 2.872, "z": -7.628, "element": "C", "residue": 1512}}, {"model": "core.atom", "pk": 12639, "fields": {"atomium_id": 1312, "name": "CA", "x": 1.301, "y": 5.674, "z": -5.423, "element": "C", "residue": 1512}}, {"model": "core.atom", "pk": 12640, "fields": {"atomium_id": 1317, "name": "ND1", "x": 1.963, "y": 2.595, "z": -5.654, "element": "N", "residue": 1512}}, {"model": "core.atom", "pk": 12641, "fields": {"atomium_id": 1320, "name": "NE2", "x": 0.955, "y": 1.564, "z": -7.245, "element": "N", "residue": 1512}}, {"model": "core.atom", "pk": 12642, "fields": {"atomium_id": 1327, "name": "HE1", "x": 1.627, "y": 0.498, "z": -5.508, "element": "H", "residue": 1512}}, {"model": "core.atom", "pk": 12643, "fields": {"atomium_id": 1321, "name": "H", "x": -0.427, "y": 5.188, "z": -6.503, "element": "H", "residue": 1512}}, {"model": "core.atom", "pk": 12644, "fields": {"atomium_id": 1045, "name": "ND1", "x": 3.472, "y": -0.898, "z": 60.552, "element": "N", "residue": 1513}}, {"model": "core.atom", "pk": 12645, "fields": {"atomium_id": 1044, "name": "CG", "x": 3.994, "y": 0.081, "z": 59.74, "element": "C", "residue": 1513}}, {"model": "core.atom", "pk": 12646, "fields": {"atomium_id": 1043, "name": "CB", "x": 5.445, "y": 0.51, "z": 59.767, "element": "C", "residue": 1513}}, {"model": "core.atom", "pk": 12647, "fields": {"atomium_id": 1042, "name": "O", "x": 7.844, "y": 1.069, "z": 61.883, "element": "O", "residue": 1513}}, {"model": "core.atom", "pk": 12648, "fields": {"atomium_id": 1048, "name": "NE2", "x": 1.843, "y": -0.174, "z": 59.346, "element": "N", "residue": 1513}}, {"model": "core.atom", "pk": 12649, "fields": {"atomium_id": 1039, "name": "N", "x": 5.063, "y": 2.797, "z": 60.504, "element": "N", "residue": 1513}}, {"model": "core.atom", "pk": 12650, "fields": {"atomium_id": 1046, "name": "CD2", "x": 2.966, "y": 0.542, "z": 59.008, "element": "C", "residue": 1513}}, {"model": "core.atom", "pk": 12651, "fields": {"atomium_id": 1041, "name": "C", "x": 7.229, "y": 1.785, "z": 61.074, "element": "C", "residue": 1513}}, {"model": "core.atom", "pk": 12652, "fields": {"atomium_id": 1040, "name": "CA", "x": 5.729, "y": 1.56, "z": 60.854, "element": "C", "residue": 1513}}, {"model": "core.atom", "pk": 12653, "fields": {"atomium_id": 1047, "name": "CE1", "x": 2.162, "y": -1.041, "z": 60.317, "element": "C", "residue": 1513}}, {"model": "core.atom", "pk": 12654, "fields": {"atomium_id": 1667, "name": "CL", "x": 0.0, "y": 0.0, "z": 56.498, "element": "CL", "residue": 1514}}, {"model": "core.atom", "pk": 12655, "fields": {"atomium_id": 1043, "name": "CB", "x": -3.164172955938, "y": 4.460508323691, "z": 59.767, "element": "C", "residue": 1515}}, {"model": "core.atom", "pk": 12656, "fields": {"atomium_id": 1044, "name": "CG", "x": -2.0671480577078003, "y": 3.4184054627772, "z": 59.74, "element": "C", "residue": 1515}}, {"model": "core.atom", "pk": 12657, "fields": {"atomium_id": 1040, "name": "CA", "x": -4.215499629928, "y": 4.1814595383702, "z": 60.854, "element": "C", "residue": 1515}}, {"model": "core.atom", "pk": 12658, "fields": {"atomium_id": 1046, "name": "CD2", "x": -1.9523857688596002, "y": 2.2976313476708006, "z": 59.008, "element": "C", "residue": 1515}}, {"model": "core.atom", "pk": 12659, "fields": {"atomium_id": 1041, "name": "C", "x": -5.1603553457830005, "y": 5.367997644070201, "z": 61.074, "element": "C", "residue": 1515}}, {"model": "core.atom", "pk": 12660, "fields": {"atomium_id": 1048, "name": "NE2", "x": -0.7708115797388, "y": 1.6830848192034, "z": 59.346, "element": "N", "residue": 1515}}, {"model": "core.atom", "pk": 12661, "fields": {"atomium_id": 1047, "name": "CE1", "x": -0.17946755464419997, "y": 2.3928469230156, "z": 60.317, "element": "C", "residue": 1515}}, {"model": "core.atom", "pk": 12662, "fields": {"atomium_id": 1039, "name": "N", "x": -4.9537730544286, "y": 2.9861866194393993, "z": 60.504, "element": "N", "residue": 1515}}, {"model": "core.atom", "pk": 12663, "fields": {"atomium_id": 1045, "name": "ND1", "x": -0.9583091873876, "y": 3.4558402019936, "z": 60.552, "element": "N", "residue": 1515}}, {"model": "core.atom", "pk": 12664, "fields": {"atomium_id": 1042, "name": "O", "x": -4.8477811566622, "y": 6.258603267407201, "z": 61.883, "element": "O", "residue": 1515}}, {"model": "core.atom", "pk": 12665, "fields": {"atomium_id": 1046, "name": "CD2", "x": -1.0136142311404, "y": -2.8396313476708004, "z": 59.008, "element": "C", "residue": 1516}}, {"model": "core.atom", "pk": 12666, "fields": {"atomium_id": 1041, "name": "C", "x": -2.068644654217, "y": -7.152997644070201, "z": 61.074, "element": "C", "residue": 1516}}, {"model": "core.atom", "pk": 12667, "fields": {"atomium_id": 1045, "name": "ND1", "x": -2.5136908126124, "y": -2.5578402019936, "z": 60.552, "element": "N", "residue": 1516}}, {"model": "core.atom", "pk": 12668, "fields": {"atomium_id": 1043, "name": "CB", "x": -2.280827044062, "y": -4.970508323691, "z": 59.767, "element": "C", "residue": 1516}}, {"model": "core.atom", "pk": 12669, "fields": {"atomium_id": 1042, "name": "O", "x": -2.9962188433378003, "y": -7.3276032674072, "z": 61.883, "element": "O", "residue": 1516}}, {"model": "core.atom", "pk": 12670, "fields": {"atomium_id": 1048, "name": "NE2", "x": -1.0721884202612, "y": -1.5090848192034, "z": 59.346, "element": "N", "residue": 1516}}, {"model": "core.atom", "pk": 12671, "fields": {"atomium_id": 1039, "name": "N", "x": -0.10922694557139963, "y": -5.7831866194394, "z": 60.504, "element": "N", "residue": 1516}}, {"model": "core.atom", "pk": 12672, "fields": {"atomium_id": 1047, "name": "CE1", "x": -1.9825324453558, "y": -1.3518469230156, "z": 60.317, "element": "C", "residue": 1516}}, {"model": "core.atom", "pk": 12673, "fields": {"atomium_id": 1040, "name": "CA", "x": -1.513500370072, "y": -5.741459538370201, "z": 60.854, "element": "C", "residue": 1516}}, {"model": "core.atom", "pk": 12674, "fields": {"atomium_id": 1044, "name": "CG", "x": -1.9268519422922001, "y": -3.4994054627772004, "z": 59.74, "element": "C", "residue": 1516}}, {"model": "core.atom", "pk": 12675, "fields": {"atomium_id": 1452, "name": "NE2", "x": 0.197, "y": 1.821, "z": 73.246, "element": "N", "residue": 1517}}, {"model": "core.atom", "pk": 12676, "fields": {"atomium_id": 1443, "name": "N", "x": 3.697, "y": 4.476, "z": 72.174, "element": "N", "residue": 1517}}, {"model": "core.atom", "pk": 12677, "fields": {"atomium_id": 1449, "name": "ND1", "x": -0.325, "y": 3.646, "z": 72.233, "element": "N", "residue": 1517}}, {"model": "core.atom", "pk": 12678, "fields": {"atomium_id": 1447, "name": "CB", "x": 1.477, "y": 5.275, "z": 72.914, "element": "C", "residue": 1517}}, {"model": "core.atom", "pk": 12679, "fields": {"atomium_id": 1448, "name": "CG", "x": 0.854, "y": 3.905, "z": 72.936, "element": "C", "residue": 1517}}, {"model": "core.atom", "pk": 12680, "fields": {"atomium_id": 1444, "name": "CA", "x": 2.574, "y": 5.352, "z": 71.833, "element": "C", "residue": 1517}}, {"model": "core.atom", "pk": 12681, "fields": {"atomium_id": 1445, "name": "C", "x": 2.996, "y": 6.805, "z": 71.673, "element": "C", "residue": 1517}}, {"model": "core.atom", "pk": 12682, "fields": {"atomium_id": 1451, "name": "CE1", "x": -0.678, "y": 2.378, "z": 72.436, "element": "C", "residue": 1517}}, {"model": "core.atom", "pk": 12683, "fields": {"atomium_id": 1446, "name": "O", "x": 2.465, "y": 7.52, "z": 70.786, "element": "O", "residue": 1517}}, {"model": "core.atom", "pk": 12684, "fields": {"atomium_id": 1450, "name": "CD2", "x": 1.18, "y": 2.747, "z": 73.566, "element": "C", "residue": 1517}}, {"model": "core.atom", "pk": 12685, "fields": {"atomium_id": 1445, "name": "C", "x": 4.395302872859, "y": -5.9971121097847995, "z": 71.673, "element": "C", "residue": 1518}}, {"model": "core.atom", "pk": 12686, "fields": {"atomium_id": 1451, "name": "CE1", "x": 2.3984084102364003, "y": -0.6018347762236, "z": 72.436, "element": "C", "residue": 1518}}, {"model": "core.atom", "pk": 12687, "fields": {"atomium_id": 1443, "name": "N", "x": 2.0278297074088, "y": -5.4396959178486, "z": 72.174, "element": "N", "residue": 1518}}, {"model": "core.atom", "pk": 12688, "fields": {"atomium_id": 1449, "name": "ND1", "x": 3.3200286222548, "y": -1.5415417437649999, "z": 72.233, "element": "N", "residue": 1518}}, {"model": "core.atom", "pk": 12689, "fields": {"atomium_id": 1447, "name": "CB", "x": 3.8297840050450005, "y": -3.9166195214126, "z": 72.914, "element": "C", "residue": 1518}}, {"model": "core.atom", "pk": 12690, "fields": {"atomium_id": 1448, "name": "CG", "x": 2.954829201839, "y": -2.6920856948451997, "z": 72.936, "element": "C", "residue": 1518}}, {"model": "core.atom", "pk": 12691, "fields": {"atomium_id": 1444, "name": "CA", "x": 3.3479679611376008, "y": -4.9051493893812, "z": 71.833, "element": "C", "residue": 1518}}, {"model": "core.atom", "pk": 12692, "fields": {"atomium_id": 1450, "name": "CD2", "x": 1.7889717842386, "y": -2.3954099764840002, "z": 73.566, "element": "C", "residue": 1518}}, {"model": "core.atom", "pk": 12693, "fields": {"atomium_id": 1452, "name": "NE2", "x": 1.4785322603198001, "y": -1.0811070045486, "z": 73.246, "element": "N", "residue": 1518}}, {"model": "core.atom", "pk": 12694, "fields": {"atomium_id": 1446, "name": "O", "x": 5.280011036576, "y": -5.894752620366999, "z": 70.786, "element": "O", "residue": 1518}}, {"model": "core.atom", "pk": 12695, "fields": {"atomium_id": 1691, "name": "CL", "x": 0.0, "y": 0.0, "z": 76.191, "element": "CL", "residue": 1519}}, {"model": "core.atom", "pk": 12696, "fields": {"atomium_id": 1447, "name": "CB", "x": -5.306784005045, "y": -1.3583804785874, "z": 72.914, "element": "C", "residue": 1520}}, {"model": "core.atom", "pk": 12697, "fields": {"atomium_id": 1445, "name": "C", "x": -7.391302872859, "y": -0.8078878902151998, "z": 71.673, "element": "C", "residue": 1520}}, {"model": "core.atom", "pk": 12698, "fields": {"atomium_id": 1446, "name": "O", "x": -7.745011036576, "y": -1.625247379633, "z": 70.786, "element": "O", "residue": 1520}}, {"model": "core.atom", "pk": 12699, "fields": {"atomium_id": 1451, "name": "CE1", "x": -1.7204084102364001, "y": -1.7761652237764, "z": 72.436, "element": "C", "residue": 1520}}, {"model": "core.atom", "pk": 12700, "fields": {"atomium_id": 1450, "name": "CD2", "x": -2.9689717842386, "y": -0.3515900235159999, "z": 73.566, "element": "C", "residue": 1520}}, {"model": "core.atom", "pk": 12701, "fields": {"atomium_id": 1449, "name": "ND1", "x": -2.9950286222548, "y": -2.104458256235, "z": 72.233, "element": "N", "residue": 1520}}, {"model": "core.atom", "pk": 12702, "fields": {"atomium_id": 1452, "name": "NE2", "x": -1.6755322603198, "y": -0.7398929954514, "z": 73.246, "element": "N", "residue": 1520}}, {"model": "core.atom", "pk": 12703, "fields": {"atomium_id": 1448, "name": "CG", "x": -3.808829201839, "y": -1.2129143051548, "z": 72.936, "element": "C", "residue": 1520}}, {"model": "core.atom", "pk": 12704, "fields": {"atomium_id": 1443, "name": "N", "x": -5.724829707408801, "y": 0.9636959178486002, "z": 72.174, "element": "N", "residue": 1520}}, {"model": "core.atom", "pk": 12705, "fields": {"atomium_id": 1444, "name": "CA", "x": -5.9219679611376, "y": -0.4468506106188004, "z": 71.833, "element": "C", "residue": 1520}}, {"model": "core.atom", "pk": 12706, "fields": {"atomium_id": 237, "name": "CB", "x": -4.251, "y": 3.312, "z": 6.44, "element": "C", "residue": 1521}}, {"model": "core.atom", "pk": 12707, "fields": {"atomium_id": 239, "name": "ND1", "x": -2.917, "y": 1.387, "z": 5.416, "element": "N", "residue": 1521}}, {"model": "core.atom", "pk": 12708, "fields": {"atomium_id": 241, "name": "CE1", "x": -1.943, "y": 0.561, "z": 5.761, "element": "C", "residue": 1521}}, {"model": "core.atom", "pk": 12709, "fields": {"atomium_id": 235, "name": "C", "x": -5.12, "y": 5.408, "z": 5.202, "element": "C", "residue": 1521}}, {"model": "core.atom", "pk": 12710, "fields": {"atomium_id": 236, "name": "O", "x": -6.091, "y": 5.202, "z": 4.436, "element": "O", "residue": 1521}}, {"model": "core.atom", "pk": 12711, "fields": {"atomium_id": 234, "name": "CA", "x": -3.954, "y": 4.424, "z": 5.402, "element": "C", "residue": 1521}}, {"model": "core.atom", "pk": 12712, "fields": {"atomium_id": 242, "name": "NE2", "x": -1.573, "y": 0.824, "z": 6.989, "element": "N", "residue": 1521}}, {"model": "core.atom", "pk": 12713, "fields": {"atomium_id": 233, "name": "N", "x": -2.677, "y": 5.142, "z": 5.615, "element": "N", "residue": 1521}}, {"model": "core.atom", "pk": 12714, "fields": {"atomium_id": 238, "name": "CG", "x": -3.176, "y": 2.226, "z": 6.495, "element": "C", "residue": 1521}}, {"model": "core.atom", "pk": 12715, "fields": {"atomium_id": 240, "name": "CD2", "x": -2.317, "y": 1.85, "z": 7.48, "element": "C", "residue": 1521}}, {"model": "core.atom", "pk": 12716, "fields": {"atomium_id": 834, "name": "O", "x": -0.143, "y": 2.129, "z": 9.64, "element": "O", "residue": 1522}}, {"model": "core.atom", "pk": 12717, "fields": {"atomium_id": 834, "name": "O", "x": -1.7722680846902001, "y": -1.1883416327434, "z": 9.64, "element": "O", "residue": 1523}}, {"model": "core.atom", "pk": 12718, "fields": {"atomium_id": 240, "name": "CD2", "x": 2.7606469970300003, "y": 1.0815808606046, "z": 7.48, "element": "C", "residue": 1524}}, {"model": "core.atom", "pk": 12719, "fields": {"atomium_id": 237, "name": "CB", "x": 4.9937761373856, "y": 2.0254739915538007, "z": 6.44, "element": "C", "residue": 1524}}, {"model": "core.atom", "pk": 12720, "fields": {"atomium_id": 241, "name": "CE1", "x": 1.4573402515318001, "y": 1.4021873595834002, "z": 5.761, "element": "C", "residue": 1524}}, {"model": "core.atom", "pk": 12721, "fields": {"atomium_id": 235, "name": "C", "x": 7.243465383750401, "y": 1.7300500674559998, "z": 5.202, "element": "C", "residue": 1524}}, {"model": "core.atom", "pk": 12722, "fields": {"atomium_id": 236, "name": "O", "x": 7.550564150567601, "y": 2.6739607345458003, "z": 4.436, "element": "O", "residue": 1524}}, {"model": "core.atom", "pk": 12723, "fields": {"atomium_id": 242, "name": "NE2", "x": 1.5001049327312, "y": 0.9502579601774002, "z": 6.989, "element": "N", "residue": 1524}}, {"model": "core.atom", "pk": 12724, "fields": {"atomium_id": 233, "name": "N", "x": 5.791602626339601, "y": -0.25264999402739985, "z": 5.615, "element": "N", "residue": 1524}}, {"model": "core.atom", "pk": 12725, "fields": {"atomium_id": 239, "name": "ND1", "x": 2.6596772350706, "y": 1.8326961028846, "z": 5.416, "element": "N", "residue": 1524}}, {"model": "core.atom", "pk": 12726, "fields": {"atomium_id": 234, "name": "CA", "x": 5.8082963864112, "y": 1.2122644466252002, "z": 5.402, "element": "C", "residue": 1524}}, {"model": "core.atom", "pk": 12727, "fields": {"atomium_id": 238, "name": "CG", "x": 3.5157725488588003, "y": 1.6374966824688002, "z": 6.495, "element": "C", "residue": 1524}}, {"model": "core.atom", "pk": 12728, "fields": {"atomium_id": 242, "name": "NE2", "x": 0.07289506726879999, "y": -1.7742579601774, "z": 6.989, "element": "N", "residue": 1525}}, {"model": "core.atom", "pk": 12729, "fields": {"atomium_id": 233, "name": "N", "x": -3.1146026263396003, "y": -4.8893500059726005, "z": 5.615, "element": "N", "residue": 1525}}, {"model": "core.atom", "pk": 12730, "fields": {"atomium_id": 238, "name": "CG", "x": -0.3397725488588, "y": -3.8634966824688, "z": 6.495, "element": "C", "residue": 1525}}, {"model": "core.atom", "pk": 12731, "fields": {"atomium_id": 234, "name": "CA", "x": -1.8542963864112003, "y": -5.6362644466252005, "z": 5.402, "element": "C", "residue": 1525}}, {"model": "core.atom", "pk": 12732, "fields": {"atomium_id": 240, "name": "CD2", "x": -0.44364699703000005, "y": -2.9315808606046003, "z": 7.48, "element": "C", "residue": 1525}}, {"model": "core.atom", "pk": 12733, "fields": {"atomium_id": 237, "name": "CB", "x": -0.7427761373855998, "y": -5.3374739915538, "z": 6.44, "element": "C", "residue": 1525}}, {"model": "core.atom", "pk": 12734, "fields": {"atomium_id": 239, "name": "ND1", "x": 0.25732276492939987, "y": -3.2196961028846003, "z": 5.416, "element": "N", "residue": 1525}}, {"model": "core.atom", "pk": 12735, "fields": {"atomium_id": 236, "name": "O", "x": -1.4595641505676, "y": -7.8759607345458, "z": 4.436, "element": "O", "residue": 1525}}, {"model": "core.atom", "pk": 12736, "fields": {"atomium_id": 241, "name": "CE1", "x": 0.4856597484682, "y": -1.9631873595834002, "z": 5.761, "element": "C", "residue": 1525}}, {"model": "core.atom", "pk": 12737, "fields": {"atomium_id": 235, "name": "C", "x": -2.1234653837504003, "y": -7.138050067456, "z": 5.202, "element": "C", "residue": 1525}}, {"model": "core.atom", "pk": 12738, "fields": {"atomium_id": 834, "name": "O", "x": 1.9152680846902002, "y": -0.9406583672566, "z": 9.64, "element": "O", "residue": 1526}}, {"model": "core.atom", "pk": 12739, "fields": {"atomium_id": 641, "name": "O", "x": 2.566, "y": 7.542, "z": -4.631, "element": "O", "residue": 1527}}, {"model": "core.atom", "pk": 12740, "fields": {"atomium_id": 642, "name": "CB", "x": 2.187, "y": 5.148, "z": -6.314, "element": "C", "residue": 1527}}, {"model": "core.atom", "pk": 12741, "fields": {"atomium_id": 639, "name": "CA", "x": 1.156, "y": 5.885, "z": -5.457, "element": "C", "residue": 1527}}, {"model": "core.atom", "pk": 12742, "fields": {"atomium_id": 644, "name": "ND1", "x": 2.103, "y": 2.757, "z": -5.473, "element": "N", "residue": 1527}}, {"model": "core.atom", "pk": 12743, "fields": {"atomium_id": 643, "name": "CG", "x": 1.8, "y": 3.699, "z": -6.416, "element": "C", "residue": 1527}}, {"model": "core.atom", "pk": 12744, "fields": {"atomium_id": 645, "name": "CD2", "x": 1.137, "y": 3.166, "z": -7.444, "element": "C", "residue": 1527}}, {"model": "core.atom", "pk": 12745, "fields": {"atomium_id": 638, "name": "N", "x": -0.269, "y": 5.763, "z": -5.803, "element": "N", "residue": 1527}}, {"model": "core.atom", "pk": 12746, "fields": {"atomium_id": 640, "name": "C", "x": 1.625, "y": 7.378, "z": -5.397, "element": "C", "residue": 1527}}, {"model": "core.atom", "pk": 12747, "fields": {"atomium_id": 647, "name": "NE2", "x": 1.031, "y": 1.847, "z": -7.1, "element": "N", "residue": 1527}}, {"model": "core.atom", "pk": 12748, "fields": {"atomium_id": 646, "name": "CE1", "x": 1.605, "y": 1.623, "z": -5.924, "element": "C", "residue": 1527}}, {"model": "core.atom", "pk": 12749, "fields": {"atomium_id": 646, "name": "CE1", "x": 0.6030592303674001, "y": -2.201470773099, "z": -5.924, "element": "C", "residue": 1528}}, {"model": "core.atom", "pk": 12750, "fields": {"atomium_id": 639, "name": "CA", "x": 4.518559501363, "y": -3.9436253667927996, "z": -5.457, "element": "C", "residue": 1528}}, {"model": "core.atom", "pk": 12751, "fields": {"atomium_id": 642, "name": "CB", "x": 3.3647987787624, "y": -4.4679975581106, "z": -6.314, "element": "C", "residue": 1528}}, {"model": "core.atom", "pk": 12752, "fields": {"atomium_id": 644, "name": "ND1", "x": 1.3361320382766002, "y": -3.1997514241914002, "z": -5.473, "element": "N", "residue": 1528}}, {"model": "core.atom", "pk": 12753, "fields": {"atomium_id": 643, "name": "CG", "x": 2.3034279686562, "y": -3.40834572684, "z": -6.416, "element": "C", "residue": 1528}}, {"model": "core.atom", "pk": 12754, "fields": {"atomium_id": 641, "name": "O", "x": 5.248563595459601, "y": -5.9932211861508, "z": -4.631, "element": "O", "residue": 1528}}, {"model": "core.atom", "pk": 12755, "fields": {"atomium_id": 645, "name": "CD2", "x": 2.1733364284308, "y": -2.5676708841206, "z": -7.444, "element": "C", "residue": 1528}}, {"model": "core.atom", "pk": 12756, "fields": {"atomium_id": 638, "name": "N", "x": 5.1254044020994005, "y": -2.6485391663778, "z": -5.803, "element": "N", "residue": 1528}}, {"model": "core.atom", "pk": 12757, "fields": {"atomium_id": 647, "name": "NE2", "x": 1.0840489208186002, "y": -1.8163721913178, "z": -7.1, "element": "N", "residue": 1528}}, {"model": "core.atom", "pk": 12758, "fields": {"atomium_id": 640, "name": "C", "x": 5.577035429236401, "y": -5.0962912811750005, "z": -5.397, "element": "C", "residue": 1528}}, {"model": "core.atom", "pk": 12759, "fields": {"atomium_id": 643, "name": "CG", "x": -4.1034279686562, "y": -0.2906542731599999, "z": -6.416, "element": "C", "residue": 1529}}, {"model": "core.atom", "pk": 12760, "fields": {"atomium_id": 647, "name": "NE2", "x": -2.1150489208186, "y": -0.030627808682200053, "z": -7.1, "element": "N", "residue": 1529}}, {"model": "core.atom", "pk": 12761, "fields": {"atomium_id": 638, "name": "N", "x": -4.8564044020994, "y": -3.1144608336222, "z": -5.803, "element": "N", "residue": 1529}}, {"model": "core.atom", "pk": 12762, "fields": {"atomium_id": 640, "name": "C", "x": -7.202035429236401, "y": -2.281708718825, "z": -5.397, "element": "C", "residue": 1529}}, {"model": "core.atom", "pk": 12763, "fields": {"atomium_id": 646, "name": "CE1", "x": -2.2080592303674003, "y": 0.5784707730990001, "z": -5.924, "element": "C", "residue": 1529}}, {"model": "core.atom", "pk": 12764, "fields": {"atomium_id": 641, "name": "O", "x": -7.8145635954596, "y": -1.5487788138492, "z": -4.631, "element": "O", "residue": 1529}}, {"model": "core.atom", "pk": 12765, "fields": {"atomium_id": 645, "name": "CD2", "x": -3.3103364284308, "y": -0.5983291158794, "z": -7.444, "element": "C", "residue": 1529}}, {"model": "core.atom", "pk": 12766, "fields": {"atomium_id": 639, "name": "CA", "x": -5.674559501363, "y": -1.9413746332072, "z": -5.457, "element": "C", "residue": 1529}}, {"model": "core.atom", "pk": 12767, "fields": {"atomium_id": 642, "name": "CB", "x": -5.5517987787624, "y": -0.6800024418894, "z": -6.314, "element": "C", "residue": 1529}}, {"model": "core.atom", "pk": 12768, "fields": {"atomium_id": 644, "name": "ND1", "x": -3.4391320382766004, "y": 0.4427514241914001, "z": -5.473, "element": "N", "residue": 1529}}, {"model": "core.atom", "pk": 12769, "fields": {"atomium_id": 822, "name": "CA", "x": 13.995, "y": 2.752, "z": -30.002, "element": "C", "residue": 1530}}, {"model": "core.atom", "pk": 12770, "fields": {"atomium_id": 821, "name": "N", "x": 12.95, "y": 3.531, "z": -30.663, "element": "N", "residue": 1530}}, {"model": "core.atom", "pk": 12771, "fields": {"atomium_id": 824, "name": "O", "x": 12.46, "y": 1.136, "z": -29.1, "element": "O", "residue": 1530}}, {"model": "core.atom", "pk": 12772, "fields": {"atomium_id": 823, "name": "C", "x": 13.57, "y": 1.34, "z": -29.576, "element": "C", "residue": 1530}}, {"model": "core.atom", "pk": 12773, "fields": {"atomium_id": 825, "name": "CB", "x": 14.539, "y": 3.522, "z": -28.806, "element": "C", "residue": 1530}}, {"model": "core.atom", "pk": 12774, "fields": {"atomium_id": 826, "name": "SG", "x": 15.847, "y": 2.624, "z": -27.92, "element": "S", "residue": 1530}}, {"model": "core.atom", "pk": 12775, "fields": {"atomium_id": 759, "name": "O", "x": 20.243, "y": 6.702, "z": -33.486, "element": "O", "residue": 1531}}, {"model": "core.atom", "pk": 12776, "fields": {"atomium_id": 761, "name": "SG", "x": 18.025, "y": 4.742, "z": -29.878, "element": "S", "residue": 1531}}, {"model": "core.atom", "pk": 12777, "fields": {"atomium_id": 760, "name": "CB", "x": 19.342, "y": 4.757, "z": -31.14, "element": "C", "residue": 1531}}, {"model": "core.atom", "pk": 12778, "fields": {"atomium_id": 756, "name": "N", "x": 18.25, "y": 3.751, "z": -33.119, "element": "N", "residue": 1531}}, {"model": "core.atom", "pk": 12779, "fields": {"atomium_id": 758, "name": "C", "x": 19.983, "y": 5.498, "z": -33.449, "element": "C", "residue": 1531}}, {"model": "core.atom", "pk": 12780, "fields": {"atomium_id": 757, "name": "CA", "x": 18.84, "y": 4.974, "z": -32.577, "element": "C", "residue": 1531}}, {"model": "core.atom", "pk": 12781, "fields": {"atomium_id": 716, "name": "O", "x": 21.528, "y": 4.307, "z": -26.008, "element": "O", "residue": 1532}}, {"model": "core.atom", "pk": 12782, "fields": {"atomium_id": 715, "name": "C", "x": 20.434, "y": 4.516, "z": -26.531, "element": "C", "residue": 1532}}, {"model": "core.atom", "pk": 12783, "fields": {"atomium_id": 714, "name": "CA", "x": 19.132, "y": 4.132, "z": -25.824, "element": "C", "residue": 1532}}, {"model": "core.atom", "pk": 12784, "fields": {"atomium_id": 713, "name": "N", "x": 17.965, "y": 4.867, "z": -26.341, "element": "N", "residue": 1532}}, {"model": "core.atom", "pk": 12785, "fields": {"atomium_id": 717, "name": "CB", "x": 18.916, "y": 2.616, "z": -25.929, "element": "C", "residue": 1532}}, {"model": "core.atom", "pk": 12786, "fields": {"atomium_id": 718, "name": "SG", "x": 19.384, "y": 1.855, "z": -27.521, "element": "S", "residue": 1532}}, {"model": "core.atom", "pk": 12787, "fields": {"atomium_id": 737, "name": "SG", "x": 17.723, "y": 1.193, "z": -31.009, "element": "S", "residue": 1533}}, {"model": "core.atom", "pk": 12788, "fields": {"atomium_id": 732, "name": "N", "x": 21.015, "y": 1.08, "z": -30.361, "element": "N", "residue": 1533}}, {"model": "core.atom", "pk": 12789, "fields": {"atomium_id": 736, "name": "CB", "x": 18.93, "y": -0.149, "z": -30.735, "element": "C", "residue": 1533}}, {"model": "core.atom", "pk": 12790, "fields": {"atomium_id": 733, "name": "CA", "x": 20.344, "y": 0.136, "z": -31.221, "element": "C", "residue": 1533}}, {"model": "core.atom", "pk": 12791, "fields": {"atomium_id": 734, "name": "C", "x": 20.317, "y": 0.589, "z": -32.675, "element": "C", "residue": 1533}}, {"model": "core.atom", "pk": 12792, "fields": {"atomium_id": 735, "name": "O", "x": 20.68, "y": 1.733, "z": -32.994, "element": "O", "residue": 1533}}, {"model": "core.atom", "pk": 12793, "fields": {"atomium_id": 5611, "name": "C3", "x": 1.603, "y": 7.187, "z": -28.218, "element": "C", "residue": 1534}}, {"model": "core.atom", "pk": 12794, "fields": {"atomium_id": 5612, "name": "C4", "x": 1.646, "y": 6.54, "z": -27.038, "element": "C", "residue": 1534}}, {"model": "core.atom", "pk": 12795, "fields": {"atomium_id": 5613, "name": "I4", "x": 2.094, "y": 4.386, "z": -27.041, "element": "I", "residue": 1534}}, {"model": "core.atom", "pk": 12796, "fields": {"atomium_id": 5609, "name": "N1", "x": 1.017, "y": 8.468, "z": -26.481, "element": "N", "residue": 1534}}, {"model": "core.atom", "pk": 12797, "fields": {"atomium_id": 5614, "name": "C5", "x": 1.313, "y": 7.261, "z": -25.931, "element": "C", "residue": 1534}}, {"model": "core.atom", "pk": 12798, "fields": {"atomium_id": 5610, "name": "N2", "x": 1.189, "y": 8.44, "z": -27.847, "element": "N", "residue": 1534}}, {"model": "core.atom", "pk": 12799, "fields": {"atomium_id": 1303, "name": "C", "x": 2.949, "y": 14.323, "z": -26.505, "element": "C", "residue": 1535}}, {"model": "core.atom", "pk": 12800, "fields": {"atomium_id": 1306, "name": "SG", "x": 2.118, "y": 11.519, "z": -25.919, "element": "S", "residue": 1535}}, {"model": "core.atom", "pk": 12801, "fields": {"atomium_id": 1304, "name": "O", "x": 3.241, "y": 14.414, "z": -27.696, "element": "O", "residue": 1535}}, {"model": "core.atom", "pk": 12802, "fields": {"atomium_id": 1305, "name": "CB", "x": 3.105, "y": 12.549, "z": -24.773, "element": "C", "residue": 1535}}, {"model": "core.atom", "pk": 12803, "fields": {"atomium_id": 1302, "name": "CA", "x": 3.894, "y": 13.629, "z": -25.519, "element": "C", "residue": 1535}}, {"model": "core.atom", "pk": 12804, "fields": {"atomium_id": 1301, "name": "N", "x": 4.627, "y": 14.501, "z": -24.607, "element": "N", "residue": 1535}}, {"model": "core.atom", "pk": 12805, "fields": {"atomium_id": 506, "name": "NE2", "x": 1.062, "y": 8.832, "z": -23.413, "element": "N", "residue": 1536}}, {"model": "core.atom", "pk": 12806, "fields": {"atomium_id": 500, "name": "O", "x": 4.878, "y": 10.97, "z": -20.562, "element": "O", "residue": 1536}}, {"model": "core.atom", "pk": 12807, "fields": {"atomium_id": 497, "name": "N", "x": 2.147, "y": 9.321, "z": -18.723, "element": "N", "residue": 1536}}, {"model": "core.atom", "pk": 12808, "fields": {"atomium_id": 501, "name": "CB", "x": 3.408, "y": 8.344, "z": -20.618, "element": "C", "residue": 1536}}, {"model": "core.atom", "pk": 12809, "fields": {"atomium_id": 503, "name": "ND1", "x": 0.982, "y": 8.154, "z": -21.345, "element": "N", "residue": 1536}}, {"model": "core.atom", "pk": 12810, "fields": {"atomium_id": 502, "name": "CG", "x": 2.297, "y": 8.479, "z": -21.606, "element": "C", "residue": 1536}}, {"model": "core.atom", "pk": 12811, "fields": {"atomium_id": 498, "name": "CA", "x": 3.389, "y": 9.407, "z": -19.504, "element": "C", "residue": 1536}}, {"model": "core.atom", "pk": 12812, "fields": {"atomium_id": 505, "name": "CE1", "x": 0.279, "y": 8.385, "z": -22.457, "element": "C", "residue": 1536}}, {"model": "core.atom", "pk": 12813, "fields": {"atomium_id": 499, "name": "C", "x": 3.761, "y": 10.773, "z": -20.076, "element": "C", "residue": 1536}}, {"model": "core.atom", "pk": 12814, "fields": {"atomium_id": 504, "name": "CD2", "x": 2.324, "y": 8.898, "z": -22.896, "element": "C", "residue": 1536}}, {"model": "core.atom", "pk": 12815, "fields": {"atomium_id": 345, "name": "CA", "x": -3.481, "y": 11.666, "z": -23.048, "element": "C", "residue": 1537}}, {"model": "core.atom", "pk": 12816, "fields": {"atomium_id": 349, "name": "SG", "x": -1.744, "y": 10.597, "z": -25.161, "element": "S", "residue": 1537}}, {"model": "core.atom", "pk": 12817, "fields": {"atomium_id": 347, "name": "O", "x": -4.8, "y": 9.771, "z": -22.336, "element": "O", "residue": 1537}}, {"model": "core.atom", "pk": 12818, "fields": {"atomium_id": 344, "name": "N", "x": -3.468, "y": 12.013, "z": -21.616, "element": "N", "residue": 1537}}, {"model": "core.atom", "pk": 12819, "fields": {"atomium_id": 348, "name": "CB", "x": -2.062, "y": 11.226, "z": -23.463, "element": "C", "residue": 1537}}, {"model": "core.atom", "pk": 12820, "fields": {"atomium_id": 346, "name": "C", "x": -4.507, "y": 10.535, "z": -23.268, "element": "C", "residue": 1537}}, {"model": "core.atom", "pk": 12821, "fields": {"atomium_id": 3540, "name": "O", "x": 4.06, "y": 18.603, "z": -63.381, "element": "O", "residue": 1538}}, {"model": "core.atom", "pk": 12822, "fields": {"atomium_id": 3542, "name": "SG", "x": 1.136, "y": 16.08, "z": -66.243, "element": "S", "residue": 1538}}, {"model": "core.atom", "pk": 12823, "fields": {"atomium_id": 3541, "name": "CB", "x": 1.653, "y": 17.554, "z": -65.283, "element": "C", "residue": 1538}}, {"model": "core.atom", "pk": 12824, "fields": {"atomium_id": 3537, "name": "N", "x": 0.969, "y": 16.897, "z": -62.997, "element": "N", "residue": 1538}}, {"model": "core.atom", "pk": 12825, "fields": {"atomium_id": 3539, "name": "C", "x": 2.844, "y": 18.495, "z": -63.267, "element": "C", "residue": 1538}}, {"model": "core.atom", "pk": 12826, "fields": {"atomium_id": 3538, "name": "CA", "x": 2.112, "y": 17.278, "z": -63.837, "element": "C", "residue": 1538}}, {"model": "core.atom", "pk": 12827, "fields": {"atomium_id": 3604, "name": "C", "x": -2.519, "y": 12.204, "z": -65.079, "element": "C", "residue": 1539}}, {"model": "core.atom", "pk": 12828, "fields": {"atomium_id": 3602, "name": "N", "x": -0.267, "y": 11.503, "z": -64.324, "element": "N", "residue": 1539}}, {"model": "core.atom", "pk": 12829, "fields": {"atomium_id": 3606, "name": "CB", "x": -0.474, "y": 12.8, "z": -66.399, "element": "C", "residue": 1539}}, {"model": "core.atom", "pk": 12830, "fields": {"atomium_id": 3605, "name": "O", "x": -2.878, "y": 11.062, "z": -65.324, "element": "O", "residue": 1539}}, {"model": "core.atom", "pk": 12831, "fields": {"atomium_id": 3603, "name": "CA", "x": -1.044, "y": 12.549, "z": -64.992, "element": "C", "residue": 1539}}, {"model": "core.atom", "pk": 12832, "fields": {"atomium_id": 3607, "name": "SG", "x": -1.388, "y": 13.971, "z": -67.478, "element": "S", "residue": 1539}}, {"model": "core.atom", "pk": 12833, "fields": {"atomium_id": 3498, "name": "CB", "x": -1.405, "y": 16.625, "z": -69.814, "element": "C", "residue": 1540}}, {"model": "core.atom", "pk": 12834, "fields": {"atomium_id": 3496, "name": "C", "x": 0.69, "y": 18.068, "z": -69.825, "element": "C", "residue": 1540}}, {"model": "core.atom", "pk": 12835, "fields": {"atomium_id": 3494, "name": "N", "x": 0.792, "y": 15.599, "z": -69.6, "element": "N", "residue": 1540}}, {"model": "core.atom", "pk": 12836, "fields": {"atomium_id": 3497, "name": "O", "x": 0.475, "y": 19.075, "z": -70.503, "element": "O", "residue": 1540}}, {"model": "core.atom", "pk": 12837, "fields": {"atomium_id": 3495, "name": "CA", "x": 0.077, "y": 16.704, "z": -70.211, "element": "C", "residue": 1540}}, {"model": "core.atom", "pk": 12838, "fields": {"atomium_id": 3499, "name": "SG", "x": -1.856, "y": 17.405, "z": -68.229, "element": "S", "residue": 1540}}, {"model": "core.atom", "pk": 12839, "fields": {"atomium_id": 3516, "name": "O", "x": -0.876, "y": 19.435, "z": -63.245, "element": "O", "residue": 1541}}, {"model": "core.atom", "pk": 12840, "fields": {"atomium_id": 3517, "name": "CB", "x": -3.347, "y": 17.761, "z": -64.772, "element": "C", "residue": 1541}}, {"model": "core.atom", "pk": 12841, "fields": {"atomium_id": 3513, "name": "N", "x": -2.009, "y": 19.584, "z": -65.676, "element": "N", "residue": 1541}}, {"model": "core.atom", "pk": 12842, "fields": {"atomium_id": 3514, "name": "CA", "x": -2.854, "y": 19.193, "z": -64.572, "element": "C", "residue": 1541}}, {"model": "core.atom", "pk": 12843, "fields": {"atomium_id": 3515, "name": "C", "x": -2.106, "y": 19.326, "z": -63.259, "element": "C", "residue": 1541}}, {"model": "core.atom", "pk": 12844, "fields": {"atomium_id": 3518, "name": "SG", "x": -2.037, "y": 16.537, "z": -64.536, "element": "S", "residue": 1541}}, {"model": "core.atom", "pk": 12845, "fields": {"atomium_id": 4087, "name": "SG", "x": 5.945, "y": -1.036, "z": -68.273, "element": "S", "residue": 1542}}, {"model": "core.atom", "pk": 12846, "fields": {"atomium_id": 4084, "name": "C", "x": 8.976, "y": -0.402, "z": -68.375, "element": "C", "residue": 1542}}, {"model": "core.atom", "pk": 12847, "fields": {"atomium_id": 4083, "name": "CA", "x": 8.081, "y": 0.323, "z": -69.388, "element": "C", "residue": 1542}}, {"model": "core.atom", "pk": 12848, "fields": {"atomium_id": 4086, "name": "CB", "x": 6.9, "y": -0.582, "z": -69.761, "element": "C", "residue": 1542}}, {"model": "core.atom", "pk": 12849, "fields": {"atomium_id": 4082, "name": "N", "x": 8.812, "y": 0.787, "z": -70.566, "element": "N", "residue": 1542}}, {"model": "core.atom", "pk": 12850, "fields": {"atomium_id": 4085, "name": "O", "x": 9.486, "y": 0.209, "z": -67.443, "element": "O", "residue": 1542}}, {"model": "core.atom", "pk": 12851, "fields": {"atomium_id": 5664, "name": "C3", "x": 2.013, "y": -0.549, "z": -65.409, "element": "C", "residue": 1543}}, {"model": "core.atom", "pk": 12852, "fields": {"atomium_id": 5666, "name": "I4", "x": -0.794, "y": 0.222, "z": -66.04, "element": "I", "residue": 1543}}, {"model": "core.atom", "pk": 12853, "fields": {"atomium_id": 5663, "name": "N2", "x": 3.049, "y": -1.111, "z": -66.045, "element": "N", "residue": 1543}}, {"model": "core.atom", "pk": 12854, "fields": {"atomium_id": 5667, "name": "C5", "x": 1.488, "y": -0.955, "z": -67.643, "element": "C", "residue": 1543}}, {"model": "core.atom", "pk": 12855, "fields": {"atomium_id": 5665, "name": "C4", "x": 1.104, "y": -0.485, "z": -66.411, "element": "C", "residue": 1543}}, {"model": "core.atom", "pk": 12856, "fields": {"atomium_id": 5662, "name": "N1", "x": 2.735, "y": -1.345, "z": -67.356, "element": "N", "residue": 1543}}, {"model": "core.atom", "pk": 12857, "fields": {"atomium_id": 3128, "name": "O", "x": 2.979, "y": -7.989, "z": -70.237, "element": "O", "residue": 1544}}, {"model": "core.atom", "pk": 12858, "fields": {"atomium_id": 3126, "name": "CA", "x": 5.062, "y": -6.78, "z": -70.17, "element": "C", "residue": 1544}}, {"model": "core.atom", "pk": 12859, "fields": {"atomium_id": 3130, "name": "SG", "x": 4.992, "y": -4.602, "z": -68.241, "element": "S", "residue": 1544}}, {"model": "core.atom", "pk": 12860, "fields": {"atomium_id": 3125, "name": "N", "x": 5.136, "y": -7.069, "z": -71.618, "element": "N", "residue": 1544}}, {"model": "core.atom", "pk": 12861, "fields": {"atomium_id": 3129, "name": "CB", "x": 4.761, "y": -5.284, "z": -69.94, "element": "C", "residue": 1544}}, {"model": "core.atom", "pk": 12862, "fields": {"atomium_id": 3127, "name": "C", "x": 3.948, "y": -7.642, "z": -69.554, "element": "C", "residue": 1544}}, {"model": "core.atom", "pk": 12863, "fields": {"atomium_id": 3282, "name": "CB", "x": 1.779, "y": 0.084, "z": -73.015, "element": "C", "residue": 1545}}, {"model": "core.atom", "pk": 12864, "fields": {"atomium_id": 3280, "name": "C", "x": 4.029, "y": 0.038, "z": -74.116, "element": "C", "residue": 1545}}, {"model": "core.atom", "pk": 12865, "fields": {"atomium_id": 3278, "name": "N", "x": 2.234, "y": -1.475, "z": -74.85, "element": "N", "residue": 1545}}, {"model": "core.atom", "pk": 12866, "fields": {"atomium_id": 3285, "name": "CD2", "x": 3.105, "y": -0.894, "z": -71.019, "element": "C", "residue": 1545}}, {"model": "core.atom", "pk": 12867, "fields": {"atomium_id": 3287, "name": "NE2", "x": 3.052, "y": -2.051, "z": -70.282, "element": "N", "residue": 1545}}, {"model": "core.atom", "pk": 12868, "fields": {"atomium_id": 3281, "name": "O", "x": 4.502, "y": 1.16, "z": -73.874, "element": "O", "residue": 1545}}, {"model": "core.atom", "pk": 12869, "fields": {"atomium_id": 3284, "name": "ND1", "x": 1.449, "y": -2.101, "z": -71.76, "element": "N", "residue": 1545}}, {"model": "core.atom", "pk": 12870, "fields": {"atomium_id": 3286, "name": "CE1", "x": 2.044, "y": -2.753, "z": -70.759, "element": "C", "residue": 1545}}, {"model": "core.atom", "pk": 12871, "fields": {"atomium_id": 3283, "name": "CG", "x": 2.116, "y": -0.911, "z": -71.948, "element": "C", "residue": 1545}}, {"model": "core.atom", "pk": 12872, "fields": {"atomium_id": 3279, "name": "CA", "x": 2.528, "y": -0.143, "z": -74.326, "element": "C", "residue": 1545}}, {"model": "core.atom", "pk": 12873, "fields": {"atomium_id": 713, "name": "N", "x": 18.312, "y": 5.079, "z": -26.254, "element": "N", "residue": 1546}}, {"model": "core.atom", "pk": 12874, "fields": {"atomium_id": 715, "name": "C", "x": 20.807, "y": 4.596, "z": -26.145, "element": "C", "residue": 1546}}, {"model": "core.atom", "pk": 12875, "fields": {"atomium_id": 714, "name": "CA", "x": 19.387, "y": 4.243, "z": -25.699, "element": "C", "residue": 1546}}, {"model": "core.atom", "pk": 12876, "fields": {"atomium_id": 717, "name": "CB", "x": 19.122, "y": 2.756, "z": -26.041, "element": "C", "residue": 1546}}, {"model": "core.atom", "pk": 12877, "fields": {"atomium_id": 716, "name": "O", "x": 21.757, "y": 4.335, "z": -25.422, "element": "O", "residue": 1546}}, {"model": "core.atom", "pk": 12878, "fields": {"atomium_id": 718, "name": "SG", "x": 19.698, "y": 2.12, "z": -27.653, "element": "S", "residue": 1546}}, {"model": "core.atom", "pk": 12879, "fields": {"atomium_id": 821, "name": "N", "x": 13.305, "y": 3.455, "z": -30.314, "element": "N", "residue": 1547}}, {"model": "core.atom", "pk": 12880, "fields": {"atomium_id": 823, "name": "C", "x": 13.919, "y": 1.456, "z": -29.026, "element": "C", "residue": 1547}}, {"model": "core.atom", "pk": 12881, "fields": {"atomium_id": 822, "name": "CA", "x": 14.4, "y": 2.74, "z": -29.671, "element": "C", "residue": 1547}}, {"model": "core.atom", "pk": 12882, "fields": {"atomium_id": 825, "name": "CB", "x": 15.057, "y": 3.599, "z": -28.589, "element": "C", "residue": 1547}}, {"model": "core.atom", "pk": 12883, "fields": {"atomium_id": 824, "name": "O", "x": 12.917, "y": 1.376, "z": -28.294, "element": "O", "residue": 1547}}, {"model": "core.atom", "pk": 12884, "fields": {"atomium_id": 826, "name": "SG", "x": 16.289, "y": 2.823, "z": -27.503, "element": "S", "residue": 1547}}, {"model": "core.atom", "pk": 12885, "fields": {"atomium_id": 737, "name": "SG", "x": 18.186, "y": 1.461, "z": -30.749, "element": "S", "residue": 1548}}, {"model": "core.atom", "pk": 12886, "fields": {"atomium_id": 733, "name": "CA", "x": 20.679, "y": 0.312, "z": -31.087, "element": "C", "residue": 1548}}, {"model": "core.atom", "pk": 12887, "fields": {"atomium_id": 736, "name": "CB", "x": 19.358, "y": 0.12, "z": -30.413, "element": "C", "residue": 1548}}, {"model": "core.atom", "pk": 12888, "fields": {"atomium_id": 735, "name": "O", "x": 20.661, "y": 1.908, "z": -32.816, "element": "O", "residue": 1548}}, {"model": "core.atom", "pk": 12889, "fields": {"atomium_id": 734, "name": "C", "x": 20.547, "y": 0.719, "z": -32.549, "element": "C", "residue": 1548}}, {"model": "core.atom", "pk": 12890, "fields": {"atomium_id": 732, "name": "N", "x": 21.379, "y": 1.201, "z": -30.191, "element": "N", "residue": 1548}}, {"model": "core.atom", "pk": 12891, "fields": {"atomium_id": 757, "name": "CA", "x": 18.891, "y": 4.911, "z": -32.574, "element": "C", "residue": 1549}}, {"model": "core.atom", "pk": 12892, "fields": {"atomium_id": 760, "name": "CB", "x": 19.505, "y": 4.562, "z": -31.246, "element": "C", "residue": 1549}}, {"model": "core.atom", "pk": 12893, "fields": {"atomium_id": 761, "name": "SG", "x": 18.337, "y": 4.832, "z": -29.9, "element": "S", "residue": 1549}}, {"model": "core.atom", "pk": 12894, "fields": {"atomium_id": 756, "name": "N", "x": 18.214, "y": 3.756, "z": -33.13, "element": "N", "residue": 1549}}, {"model": "core.atom", "pk": 12895, "fields": {"atomium_id": 758, "name": "C", "x": 19.987, "y": 5.459, "z": -33.457, "element": "C", "residue": 1549}}, {"model": "core.atom", "pk": 12896, "fields": {"atomium_id": 759, "name": "O", "x": 20.137, "y": 6.667, "z": -33.589, "element": "O", "residue": 1549}}, {"model": "core.atom", "pk": 12897, "fields": {"atomium_id": 1302, "name": "CA", "x": 3.693, "y": 13.932, "z": -25.705, "element": "C", "residue": 1550}}, {"model": "core.atom", "pk": 12898, "fields": {"atomium_id": 1306, "name": "SG", "x": 1.884, "y": 11.564, "z": -25.815, "element": "S", "residue": 1550}}, {"model": "core.atom", "pk": 12899, "fields": {"atomium_id": 1304, "name": "O", "x": 3.156, "y": 15.275, "z": -27.632, "element": "O", "residue": 1550}}, {"model": "core.atom", "pk": 12900, "fields": {"atomium_id": 1303, "name": "C", "x": 2.83, "y": 14.945, "z": -26.491, "element": "C", "residue": 1550}}, {"model": "core.atom", "pk": 12901, "fields": {"atomium_id": 1301, "name": "N", "x": 4.513, "y": 14.709, "z": -24.773, "element": "N", "residue": 1550}}, {"model": "core.atom", "pk": 12902, "fields": {"atomium_id": 1305, "name": "CB", "x": 2.797, "y": 12.885, "z": -24.92, "element": "C", "residue": 1550}}, {"model": "core.atom", "pk": 12903, "fields": {"atomium_id": 349, "name": "SG", "x": -1.62, "y": 11.5, "z": -24.56, "element": "S", "residue": 1551}}, {"model": "core.atom", "pk": 12904, "fields": {"atomium_id": 344, "name": "N", "x": -3.345, "y": 12.283, "z": -20.843, "element": "N", "residue": 1551}}, {"model": "core.atom", "pk": 12905, "fields": {"atomium_id": 347, "name": "O", "x": -4.525, "y": 10.059, "z": -21.969, "element": "O", "residue": 1551}}, {"model": "core.atom", "pk": 12906, "fields": {"atomium_id": 346, "name": "C", "x": -4.357, "y": 11.008, "z": -22.736, "element": "C", "residue": 1551}}, {"model": "core.atom", "pk": 12907, "fields": {"atomium_id": 348, "name": "CB", "x": -1.963, "y": 11.753, "z": -22.796, "element": "C", "residue": 1551}}, {"model": "core.atom", "pk": 12908, "fields": {"atomium_id": 345, "name": "CA", "x": -3.375, "y": 12.103, "z": -22.313, "element": "C", "residue": 1551}}, {"model": "core.atom", "pk": 12909, "fields": {"atomium_id": 502, "name": "CG", "x": 2.588, "y": 9.041, "z": -21.346, "element": "C", "residue": 1552}}, {"model": "core.atom", "pk": 12910, "fields": {"atomium_id": 506, "name": "NE2", "x": 1.571, "y": 8.926, "z": -23.178, "element": "N", "residue": 1552}}, {"model": "core.atom", "pk": 12911, "fields": {"atomium_id": 498, "name": "CA", "x": 3.786, "y": 10.074, "z": -19.215, "element": "C", "residue": 1552}}, {"model": "core.atom", "pk": 12912, "fields": {"atomium_id": 505, "name": "CE1", "x": 0.665, "y": 8.915, "z": -22.226, "element": "C", "residue": 1552}}, {"model": "core.atom", "pk": 12913, "fields": {"atomium_id": 504, "name": "CD2", "x": 2.777, "y": 9.005, "z": -22.699, "element": "C", "residue": 1552}}, {"model": "core.atom", "pk": 12914, "fields": {"atomium_id": 499, "name": "C", "x": 4.159, "y": 11.459, "z": -19.784, "element": "C", "residue": 1552}}, {"model": "core.atom", "pk": 12915, "fields": {"atomium_id": 501, "name": "CB", "x": 3.79, "y": 9.084, "z": -20.412, "element": "C", "residue": 1552}}, {"model": "core.atom", "pk": 12916, "fields": {"atomium_id": 497, "name": "N", "x": 2.551, "y": 9.916, "z": -18.403, "element": "N", "residue": 1552}}, {"model": "core.atom", "pk": 12917, "fields": {"atomium_id": 503, "name": "ND1", "x": 1.276, "y": 8.987, "z": -21.09, "element": "N", "residue": 1552}}, {"model": "core.atom", "pk": 12918, "fields": {"atomium_id": 500, "name": "O", "x": 5.262, "y": 11.724, "z": -20.29, "element": "O", "residue": 1552}}, {"model": "core.atom", "pk": 12919, "fields": {"atomium_id": 3514, "name": "CA", "x": -2.981, "y": 18.96, "z": -64.936, "element": "C", "residue": 1553}}, {"model": "core.atom", "pk": 12920, "fields": {"atomium_id": 3515, "name": "C", "x": -2.235, "y": 19.077, "z": -63.6, "element": "C", "residue": 1553}}, {"model": "core.atom", "pk": 12921, "fields": {"atomium_id": 3517, "name": "CB", "x": -3.404, "y": 17.518, "z": -65.213, "element": "C", "residue": 1553}}, {"model": "core.atom", "pk": 12922, "fields": {"atomium_id": 3518, "name": "SG", "x": -2.168, "y": 16.239, "z": -64.858, "element": "S", "residue": 1553}}, {"model": "core.atom", "pk": 12923, "fields": {"atomium_id": 3516, "name": "O", "x": -1.004, "y": 19.118, "z": -63.615, "element": "O", "residue": 1553}}, {"model": "core.atom", "pk": 12924, "fields": {"atomium_id": 3513, "name": "N", "x": -2.271, "y": 19.414, "z": -66.13, "element": "N", "residue": 1553}}, {"model": "core.atom", "pk": 12925, "fields": {"atomium_id": 3602, "name": "N", "x": -0.589, "y": 11.363, "z": -64.908, "element": "N", "residue": 1554}}, {"model": "core.atom", "pk": 12926, "fields": {"atomium_id": 3605, "name": "O", "x": -3.116, "y": 10.713, "z": -66.28, "element": "O", "residue": 1554}}, {"model": "core.atom", "pk": 12927, "fields": {"atomium_id": 3606, "name": "CB", "x": -0.859, "y": 12.652, "z": -66.994, "element": "C", "residue": 1554}}, {"model": "core.atom", "pk": 12928, "fields": {"atomium_id": 3604, "name": "C", "x": -2.819, "y": 11.837, "z": -65.853, "element": "C", "residue": 1554}}, {"model": "core.atom", "pk": 12929, "fields": {"atomium_id": 3603, "name": "CA", "x": -1.411, "y": 12.315, "z": -65.632, "element": "C", "residue": 1554}}, {"model": "core.atom", "pk": 12930, "fields": {"atomium_id": 3607, "name": "SG", "x": -1.878, "y": 13.849, "z": -67.896, "element": "S", "residue": 1554}}, {"model": "core.atom", "pk": 12931, "fields": {"atomium_id": 3542, "name": "SG", "x": 0.892, "y": 16.013, "z": -66.443, "element": "S", "residue": 1555}}, {"model": "core.atom", "pk": 12932, "fields": {"atomium_id": 3539, "name": "C", "x": 2.439, "y": 18.432, "z": -63.57, "element": "C", "residue": 1555}}, {"model": "core.atom", "pk": 12933, "fields": {"atomium_id": 3540, "name": "O", "x": 3.687, "y": 18.493, "z": -63.638, "element": "O", "residue": 1555}}, {"model": "core.atom", "pk": 12934, "fields": {"atomium_id": 3537, "name": "N", "x": 0.567, "y": 16.81, "z": -63.192, "element": "N", "residue": 1555}}, {"model": "core.atom", "pk": 12935, "fields": {"atomium_id": 3541, "name": "CB", "x": 1.014, "y": 17.5, "z": -65.437, "element": "C", "residue": 1555}}, {"model": "core.atom", "pk": 12936, "fields": {"atomium_id": 3538, "name": "CA", "x": 1.64, "y": 17.209, "z": -64.09, "element": "C", "residue": 1555}}, {"model": "core.atom", "pk": 12937, "fields": {"atomium_id": 3494, "name": "N", "x": 0.471, "y": 15.365, "z": -69.774, "element": "N", "residue": 1556}}, {"model": "core.atom", "pk": 12938, "fields": {"atomium_id": 3497, "name": "O", "x": 0.196, "y": 18.792, "z": -71.0, "element": "O", "residue": 1556}}, {"model": "core.atom", "pk": 12939, "fields": {"atomium_id": 3498, "name": "CB", "x": -1.726, "y": 16.52, "z": -69.947, "element": "C", "residue": 1556}}, {"model": "core.atom", "pk": 12940, "fields": {"atomium_id": 3496, "name": "C", "x": 0.367, "y": 17.868, "z": -70.203, "element": "C", "residue": 1556}}, {"model": "core.atom", "pk": 12941, "fields": {"atomium_id": 3495, "name": "CA", "x": -0.247, "y": 16.48, "z": -70.413, "element": "C", "residue": 1556}}, {"model": "core.atom", "pk": 12942, "fields": {"atomium_id": 3499, "name": "SG", "x": -2.082, "y": 17.389, "z": -68.39, "element": "S", "residue": 1556}}, {"model": "core.atom", "pk": 12943, "fields": {"atomium_id": 3279, "name": "CA", "x": 2.178, "y": -0.62, "z": -74.769, "element": "C", "residue": 1557}}, {"model": "core.atom", "pk": 12944, "fields": {"atomium_id": 3283, "name": "CG", "x": 1.821, "y": -1.252, "z": -72.273, "element": "C", "residue": 1557}}, {"model": "core.atom", "pk": 12945, "fields": {"atomium_id": 3285, "name": "CD2", "x": 2.927, "y": -1.408, "z": -71.433, "element": "C", "residue": 1557}}, {"model": "core.atom", "pk": 12946, "fields": {"atomium_id": 3284, "name": "ND1", "x": 0.946, "y": -2.196, "z": -71.995, "element": "N", "residue": 1557}}, {"model": "core.atom", "pk": 12947, "fields": {"atomium_id": 3280, "name": "C", "x": 3.689, "y": -0.484, "z": -74.622, "element": "C", "residue": 1557}}, {"model": "core.atom", "pk": 12948, "fields": {"atomium_id": 3278, "name": "N", "x": 1.826, "y": -1.982, "z": -75.186, "element": "N", "residue": 1557}}, {"model": "core.atom", "pk": 12949, "fields": {"atomium_id": 3287, "name": "NE2", "x": 2.649, "y": -2.46, "z": -70.708, "element": "N", "residue": 1557}}, {"model": "core.atom", "pk": 12950, "fields": {"atomium_id": 3281, "name": "O", "x": 4.161, "y": 0.542, "z": -74.127, "element": "O", "residue": 1557}}, {"model": "core.atom", "pk": 12951, "fields": {"atomium_id": 3282, "name": "CB", "x": 1.569, "y": -0.248, "z": -73.409, "element": "C", "residue": 1557}}, {"model": "core.atom", "pk": 12952, "fields": {"atomium_id": 3286, "name": "CE1", "x": 1.467, "y": -2.924, "z": -71.048, "element": "C", "residue": 1557}}, {"model": "core.atom", "pk": 12953, "fields": {"atomium_id": 3127, "name": "C", "x": 3.548, "y": -8.187, "z": -70.0, "element": "C", "residue": 1558}}, {"model": "core.atom", "pk": 12954, "fields": {"atomium_id": 3126, "name": "CA", "x": 4.732, "y": -7.52, "z": -70.672, "element": "C", "residue": 1558}}, {"model": "core.atom", "pk": 12955, "fields": {"atomium_id": 3129, "name": "CB", "x": 4.645, "y": -5.995, "z": -70.558, "element": "C", "residue": 1558}}, {"model": "core.atom", "pk": 12956, "fields": {"atomium_id": 3130, "name": "SG", "x": 5.21, "y": -5.146, "z": -69.061, "element": "S", "residue": 1558}}, {"model": "core.atom", "pk": 12957, "fields": {"atomium_id": 3125, "name": "N", "x": 4.611, "y": -7.886, "z": -72.071, "element": "N", "residue": 1558}}, {"model": "core.atom", "pk": 12958, "fields": {"atomium_id": 3128, "name": "O", "x": 2.445, "y": -8.219, "z": -70.577, "element": "O", "residue": 1558}}, {"model": "core.atom", "pk": 12959, "fields": {"atomium_id": 4082, "name": "N", "x": 8.312, "y": 0.45, "z": -70.576, "element": "N", "residue": 1559}}, {"model": "core.atom", "pk": 12960, "fields": {"atomium_id": 4087, "name": "SG", "x": 5.566, "y": -1.737, "z": -68.381, "element": "S", "residue": 1559}}, {"model": "core.atom", "pk": 12961, "fields": {"atomium_id": 4083, "name": "CA", "x": 7.576, "y": -0.071, "z": -69.413, "element": "C", "residue": 1559}}, {"model": "core.atom", "pk": 12962, "fields": {"atomium_id": 4086, "name": "CB", "x": 6.41, "y": -1.024, "z": -69.817, "element": "C", "residue": 1559}}, {"model": "core.atom", "pk": 12963, "fields": {"atomium_id": 4085, "name": "O", "x": 9.291, "y": -0.168, "z": -67.756, "element": "O", "residue": 1559}}, {"model": "core.atom", "pk": 12964, "fields": {"atomium_id": 4084, "name": "C", "x": 8.643, "y": -0.822, "z": -68.594, "element": "C", "residue": 1559}}, {"model": "core.atom", "pk": 12965, "fields": {"atomium_id": 12091, "name": "O", "x": -8.033, "y": -7.145, "z": -48.563, "element": "O", "residue": 1560}}, {"model": "core.atom", "pk": 12966, "fields": {"atomium_id": 1230, "name": "CA", "x": -10.079, "y": -8.55, "z": -52.733, "element": "C", "residue": 1561}}, {"model": "core.atom", "pk": 12967, "fields": {"atomium_id": 1233, "name": "CB", "x": -9.774, "y": -7.911, "z": -51.382, "element": "C", "residue": 1561}}, {"model": "core.atom", "pk": 12968, "fields": {"atomium_id": 1234, "name": "SG", "x": -10.639, "y": -6.348, "z": -51.105, "element": "S", "residue": 1561}}, {"model": "core.atom", "pk": 12969, "fields": {"atomium_id": 1229, "name": "N", "x": -9.569, "y": -9.951, "z": -52.801, "element": "N", "residue": 1561}}, {"model": "core.atom", "pk": 12970, "fields": {"atomium_id": 1231, "name": "C", "x": -9.446, "y": -7.745, "z": -53.866, "element": "C", "residue": 1561}}, {"model": "core.atom", "pk": 12971, "fields": {"atomium_id": 1232, "name": "O", "x": -8.227, "y": -7.775, "z": -54.035, "element": "O", "residue": 1561}}, {"model": "core.atom", "pk": 12972, "fields": {"atomium_id": 1064, "name": "O", "x": -12.063, "y": -3.672, "z": -44.982, "element": "O", "residue": 1562}}, {"model": "core.atom", "pk": 12973, "fields": {"atomium_id": 1061, "name": "N", "x": -9.554, "y": -6.309, "z": -45.254, "element": "N", "residue": 1562}}, {"model": "core.atom", "pk": 12974, "fields": {"atomium_id": 1066, "name": "SG", "x": -10.798, "y": -4.855, "z": -48.024, "element": "S", "residue": 1562}}, {"model": "core.atom", "pk": 12975, "fields": {"atomium_id": 1063, "name": "C", "x": -11.528, "y": -4.801, "z": -44.969, "element": "C", "residue": 1562}}, {"model": "core.atom", "pk": 12976, "fields": {"atomium_id": 1065, "name": "CB", "x": -9.716, "y": -4.293, "z": -46.686, "element": "C", "residue": 1562}}, {"model": "core.atom", "pk": 12977, "fields": {"atomium_id": 1062, "name": "CA", "x": -10.033, "y": -4.904, "z": -45.325, "element": "C", "residue": 1562}}, {"model": "core.atom", "pk": 12978, "fields": {"atomium_id": 1043, "name": "C", "x": -12.115, "y": -9.703, "z": -45.956, "element": "C", "residue": 1563}}, {"model": "core.atom", "pk": 12979, "fields": {"atomium_id": 1044, "name": "O", "x": -12.525, "y": -9.018, "z": -45.002, "element": "O", "residue": 1563}}, {"model": "core.atom", "pk": 12980, "fields": {"atomium_id": 1045, "name": "CB", "x": -12.024, "y": -8.143, "z": -47.922, "element": "C", "residue": 1563}}, {"model": "core.atom", "pk": 12981, "fields": {"atomium_id": 1046, "name": "SG", "x": -10.212, "y": -8.178, "z": -47.827, "element": "S", "residue": 1563}}, {"model": "core.atom", "pk": 12982, "fields": {"atomium_id": 1041, "name": "N", "x": -14.111, "y": -9.348, "z": -47.29, "element": "N", "residue": 1563}}, {"model": "core.atom", "pk": 12983, "fields": {"atomium_id": 1042, "name": "CA", "x": -12.637, "y": -9.407, "z": -47.362, "element": "C", "residue": 1563}}, {"model": "core.atom", "pk": 12984, "fields": {"atomium_id": 1086, "name": "C", "x": 16.747, "y": -2.245, "z": -27.214, "element": "C", "residue": 1564}}, {"model": "core.atom", "pk": 12985, "fields": {"atomium_id": 1090, "name": "ND1", "x": 17.16, "y": 0.962, "z": -25.865, "element": "N", "residue": 1564}}, {"model": "core.atom", "pk": 12986, "fields": {"atomium_id": 1084, "name": "N", "x": 14.549, "y": -1.868, "z": -28.268, "element": "N", "residue": 1564}}, {"model": "core.atom", "pk": 12987, "fields": {"atomium_id": 1088, "name": "CB", "x": 15.159, "y": -0.481, "z": -26.386, "element": "C", "residue": 1564}}, {"model": "core.atom", "pk": 12988, "fields": {"atomium_id": 1092, "name": "CE1", "x": 17.987, "y": 1.185, "z": -24.856, "element": "C", "residue": 1564}}, {"model": "core.atom", "pk": 12989, "fields": {"atomium_id": 1091, "name": "CD2", "x": 16.563, "y": -0.359, "z": -24.226, "element": "C", "residue": 1564}}, {"model": "core.atom", "pk": 12990, "fields": {"atomium_id": 1093, "name": "NE2", "x": 17.609, "y": 0.436, "z": -23.833, "element": "N", "residue": 1564}}, {"model": "core.atom", "pk": 12991, "fields": {"atomium_id": 1089, "name": "CG", "x": 16.24, "y": 0.002, "z": -25.486, "element": "C", "residue": 1564}}, {"model": "core.atom", "pk": 12992, "fields": {"atomium_id": 1085, "name": "CA", "x": 15.67, "y": -1.234, "z": -27.607, "element": "C", "residue": 1564}}, {"model": "core.atom", "pk": 12993, "fields": {"atomium_id": 1087, "name": "O", "x": 17.944, "y": -1.985, "z": -27.384, "element": "O", "residue": 1564}}, {"model": "core.atom", "pk": 12994, "fields": {"atomium_id": 1240, "name": "C", "x": 13.005, "y": 1.622, "z": -23.944, "element": "C", "residue": 1565}}, {"model": "core.atom", "pk": 12995, "fields": {"atomium_id": 1242, "name": "CB", "x": 14.944, "y": 1.722, "z": -22.331, "element": "C", "residue": 1565}}, {"model": "core.atom", "pk": 12996, "fields": {"atomium_id": 1238, "name": "N", "x": 12.666, "y": 1.402, "z": -21.531, "element": "N", "residue": 1565}}, {"model": "core.atom", "pk": 12997, "fields": {"atomium_id": 1241, "name": "O", "x": 13.569, "y": 2.109, "z": -24.944, "element": "O", "residue": 1565}}, {"model": "core.atom", "pk": 12998, "fields": {"atomium_id": 1243, "name": "SG", "x": 15.528, "y": 2.182, "z": -20.678, "element": "S", "residue": 1565}}, {"model": "core.atom", "pk": 12999, "fields": {"atomium_id": 1239, "name": "CA", "x": 13.468, "y": 2.018, "z": -22.552, "element": "C", "residue": 1565}}, {"model": "core.atom", "pk": 13000, "fields": {"atomium_id": 631, "name": "CA", "x": 19.311, "y": 1.755, "z": -15.533, "element": "C", "residue": 1566}}, {"model": "core.atom", "pk": 13001, "fields": {"atomium_id": 630, "name": "N", "x": 20.38, "y": 0.843, "z": -15.975, "element": "N", "residue": 1566}}, {"model": "core.atom", "pk": 13002, "fields": {"atomium_id": 632, "name": "C", "x": 18.063, "y": 1.046, "z": -15.044, "element": "C", "residue": 1566}}, {"model": "core.atom", "pk": 13003, "fields": {"atomium_id": 637, "name": "OD2", "x": 18.074, "y": 3.178, "z": -18.688, "element": "O", "residue": 1566}}, {"model": "core.atom", "pk": 13004, "fields": {"atomium_id": 633, "name": "O", "x": 17.206, "y": 1.679, "z": -14.433, "element": "O", "residue": 1566}}, {"model": "core.atom", "pk": 13005, "fields": {"atomium_id": 634, "name": "CB", "x": 18.983, "y": 2.856, "z": -16.547, "element": "C", "residue": 1566}}, {"model": "core.atom", "pk": 13006, "fields": {"atomium_id": 635, "name": "CG", "x": 18.585, "y": 2.339, "z": -17.923, "element": "C", "residue": 1566}}, {"model": "core.atom", "pk": 13007, "fields": {"atomium_id": 636, "name": "OD1", "x": 18.93, "y": 1.201, "z": -18.308, "element": "O", "residue": 1566}}, {"model": "core.atom", "pk": 13008, "fields": {"atomium_id": 592, "name": "C", "x": 17.077, "y": -5.063, "z": -18.646, "element": "C", "residue": 1567}}, {"model": "core.atom", "pk": 13009, "fields": {"atomium_id": 596, "name": "ND1", "x": 16.106, "y": -2.028, "z": -19.545, "element": "N", "residue": 1567}}, {"model": "core.atom", "pk": 13010, "fields": {"atomium_id": 593, "name": "O", "x": 17.15, "y": -4.693, "z": -17.488, "element": "O", "residue": 1567}}, {"model": "core.atom", "pk": 13011, "fields": {"atomium_id": 597, "name": "CD2", "x": 17.168, "y": -2.3, "z": -21.436, "element": "C", "residue": 1567}}, {"model": "core.atom", "pk": 13012, "fields": {"atomium_id": 599, "name": "NE2", "x": 17.348, "y": -1.02, "z": -20.982, "element": "N", "residue": 1567}}, {"model": "core.atom", "pk": 13013, "fields": {"atomium_id": 591, "name": "CA", "x": 15.729, "y": -5.095, "z": -19.338, "element": "C", "residue": 1567}}, {"model": "core.atom", "pk": 13014, "fields": {"atomium_id": 590, "name": "N", "x": 14.697, "y": -4.622, "z": -18.419, "element": "N", "residue": 1567}}, {"model": "core.atom", "pk": 13015, "fields": {"atomium_id": 594, "name": "CB", "x": 15.718, "y": -4.285, "z": -20.643, "element": "C", "residue": 1567}}, {"model": "core.atom", "pk": 13016, "fields": {"atomium_id": 595, "name": "CG", "x": 16.357, "y": -2.933, "z": -20.559, "element": "C", "residue": 1567}}, {"model": "core.atom", "pk": 13017, "fields": {"atomium_id": 598, "name": "CE1", "x": 16.766, "y": -0.902, "z": -19.803, "element": "C", "residue": 1567}}, {"model": "core.atom", "pk": 13018, "fields": {"atomium_id": 1748, "name": "O4", "x": 19.854, "y": 4.808, "z": -23.303, "element": "O", "residue": 1568}}, {"model": "core.atom", "pk": 13019, "fields": {"atomium_id": 1745, "name": "O1", "x": 17.985, "y": 6.262, "z": -23.612, "element": "O", "residue": 1568}}, {"model": "core.atom", "pk": 13020, "fields": {"atomium_id": 1746, "name": "O2", "x": 18.302, "y": 4.456, "z": -25.194, "element": "O", "residue": 1568}}, {"model": "core.atom", "pk": 13021, "fields": {"atomium_id": 1744, "name": "S", "x": 18.426, "y": 4.82, "z": -23.775, "element": "S", "residue": 1568}}, {"model": "core.atom", "pk": 13022, "fields": {"atomium_id": 1747, "name": "O3", "x": 17.575, "y": 3.966, "z": -22.917, "element": "O", "residue": 1568}}, {"model": "core.atom", "pk": 13023, "fields": {"atomium_id": 1929, "name": "O", "x": 19.019, "y": 1.932, "z": -21.134, "element": "O", "residue": 1569}}, {"model": "core.atom", "pk": 13024, "fields": {"atomium_id": 1536, "name": "C", "x": 13.165, "y": 9.996, "z": -20.797, "element": "C", "residue": 1570}}, {"model": "core.atom", "pk": 13025, "fields": {"atomium_id": 1537, "name": "O", "x": 13.817, "y": 10.899, "z": -21.348, "element": "O", "residue": 1570}}, {"model": "core.atom", "pk": 13026, "fields": {"atomium_id": 1538, "name": "CB", "x": 15.014, "y": 8.375, "z": -21.147, "element": "C", "residue": 1570}}, {"model": "core.atom", "pk": 13027, "fields": {"atomium_id": 1540, "name": "ND1", "x": 16.502, "y": 7.28, "z": -19.439, "element": "N", "residue": 1570}}, {"model": "core.atom", "pk": 13028, "fields": {"atomium_id": 1542, "name": "CE1", "x": 17.133, "y": 6.131, "z": -19.26, "element": "C", "residue": 1570}}, {"model": "core.atom", "pk": 13029, "fields": {"atomium_id": 1541, "name": "CD2", "x": 16.001, "y": 5.994, "z": -21.131, "element": "C", "residue": 1570}}, {"model": "core.atom", "pk": 13030, "fields": {"atomium_id": 1543, "name": "NE2", "x": 16.858, "y": 5.343, "z": -20.282, "element": "N", "residue": 1570}}, {"model": "core.atom", "pk": 13031, "fields": {"atomium_id": 1539, "name": "CG", "x": 15.825, "y": 7.241, "z": -20.641, "element": "C", "residue": 1570}}, {"model": "core.atom", "pk": 13032, "fields": {"atomium_id": 1535, "name": "CA", "x": 13.857, "y": 8.759, "z": -20.24, "element": "C", "residue": 1570}}, {"model": "core.atom", "pk": 13033, "fields": {"atomium_id": 1534, "name": "N", "x": 12.935, "y": 7.62, "z": -20.056, "element": "N", "residue": 1570}}, {"model": "core.atom", "pk": 13034, "fields": {"atomium_id": 1803, "name": "O", "x": 19.678, "y": 4.715, "z": -20.699, "element": "O", "residue": 1571}}, {"model": "core.atom", "pk": 13035, "fields": {"atomium_id": 615, "name": "CB", "x": 20.519, "y": -1.253, "z": -19.765, "element": "C", "residue": 1572}}, {"model": "core.atom", "pk": 13036, "fields": {"atomium_id": 619, "name": "CE1", "x": 20.722, "y": -1.14, "z": -23.382, "element": "C", "residue": 1572}}, {"model": "core.atom", "pk": 13037, "fields": {"atomium_id": 613, "name": "C", "x": 20.833, "y": -1.912, "z": -17.375, "element": "C", "residue": 1572}}, {"model": "core.atom", "pk": 13038, "fields": {"atomium_id": 616, "name": "CG", "x": 20.806, "y": -1.514, "z": -21.211, "element": "C", "residue": 1572}}, {"model": "core.atom", "pk": 13039, "fields": {"atomium_id": 617, "name": "ND1", "x": 20.197, "y": -0.794, "z": -22.222, "element": "N", "residue": 1572}}, {"model": "core.atom", "pk": 13040, "fields": {"atomium_id": 618, "name": "CD2", "x": 21.725, "y": -2.308, "z": -21.817, "element": "C", "residue": 1572}}, {"model": "core.atom", "pk": 13041, "fields": {"atomium_id": 612, "name": "CA", "x": 20.887, "y": -2.407, "z": -18.827, "element": "C", "residue": 1572}}, {"model": "core.atom", "pk": 13042, "fields": {"atomium_id": 620, "name": "NE2", "x": 21.668, "y": -2.034, "z": -23.165, "element": "N", "residue": 1572}}, {"model": "core.atom", "pk": 13043, "fields": {"atomium_id": 614, "name": "O", "x": 19.838, "y": -2.067, "z": -16.674, "element": "O", "residue": 1572}}, {"model": "core.atom", "pk": 13044, "fields": {"atomium_id": 611, "name": "N", "x": 20.035, "y": -3.596, "z": -19.051, "element": "N", "residue": 1572}}, {"model": "core.coordinatebond", "pk": 1694, "fields": {"metal": 463, "atom": 12401}}, {"model": "core.coordinatebond", "pk": 1695, "fields": {"metal": 463, "atom": 12426}}, {"model": "core.coordinatebond", "pk": 1696, "fields": {"metal": 463, "atom": 12410}}, {"model": "core.coordinatebond", "pk": 1697, "fields": {"metal": 464, "atom": 12452}}, {"model": "core.coordinatebond", "pk": 1698, "fields": {"metal": 464, "atom": 12479}}, {"model": "core.coordinatebond", "pk": 1699, "fields": {"metal": 464, "atom": 12459}}, {"model": "core.coordinatebond", "pk": 1700, "fields": {"metal": 464, "atom": 12470}}, {"model": "core.coordinatebond", "pk": 1701, "fields": {"metal": 464, "atom": 12443}}, {"model": "core.coordinatebond", "pk": 1702, "fields": {"metal": 465, "atom": 12502}}, {"model": "core.coordinatebond", "pk": 1703, "fields": {"metal": 465, "atom": 12535}}, {"model": "core.coordinatebond", "pk": 1704, "fields": {"metal": 465, "atom": 12511}}, {"model": "core.coordinatebond", "pk": 1705, "fields": {"metal": 465, "atom": 12521}}, {"model": "core.coordinatebond", "pk": 1706, "fields": {"metal": 466, "atom": 12536}}, {"model": "core.coordinatebond", "pk": 1707, "fields": {"metal": 466, "atom": 12566}}, {"model": "core.coordinatebond", "pk": 1708, "fields": {"metal": 466, "atom": 12573}}, {"model": "core.coordinatebond", "pk": 1709, "fields": {"metal": 466, "atom": 12553}}, {"model": "core.coordinatebond", "pk": 1710, "fields": {"metal": 466, "atom": 12554}}, {"model": "core.coordinatebond", "pk": 1711, "fields": {"metal": 466, "atom": 12572}}, {"model": "core.coordinatebond", "pk": 1712, "fields": {"metal": 467, "atom": 12641}}, {"model": "core.coordinatebond", "pk": 1713, "fields": {"metal": 467, "atom": 12624}}, {"model": "core.coordinatebond", "pk": 1714, "fields": {"metal": 467, "atom": 12594}}, {"model": "core.coordinatebond", "pk": 1715, "fields": {"metal": 467, "atom": 12590}}, {"model": "core.coordinatebond", "pk": 1716, "fields": {"metal": 467, "atom": 12592}}, {"model": "core.coordinatebond", "pk": 1717, "fields": {"metal": 467, "atom": 12591}}, {"model": "core.coordinatebond", "pk": 1718, "fields": {"metal": 470, "atom": 12648}}, {"model": "core.coordinatebond", "pk": 1719, "fields": {"metal": 470, "atom": 12660}}, {"model": "core.coordinatebond", "pk": 1720, "fields": {"metal": 470, "atom": 12670}}, {"model": "core.coordinatebond", "pk": 1721, "fields": {"metal": 470, "atom": 12654}}, {"model": "core.coordinatebond", "pk": 1722, "fields": {"metal": 471, "atom": 12675}}, {"model": "core.coordinatebond", "pk": 1723, "fields": {"metal": 471, "atom": 12702}}, {"model": "core.coordinatebond", "pk": 1724, "fields": {"metal": 471, "atom": 12693}}, {"model": "core.coordinatebond", "pk": 1725, "fields": {"metal": 471, "atom": 12695}}, {"model": "core.coordinatebond", "pk": 1726, "fields": {"metal": 472, "atom": 12712}}, {"model": "core.coordinatebond", "pk": 1727, "fields": {"metal": 472, "atom": 12728}}, {"model": "core.coordinatebond", "pk": 1728, "fields": {"metal": 472, "atom": 12723}}, {"model": "core.coordinatebond", "pk": 1729, "fields": {"metal": 472, "atom": 12716}}, {"model": "core.coordinatebond", "pk": 1730, "fields": {"metal": 472, "atom": 12717}}, {"model": "core.coordinatebond", "pk": 1731, "fields": {"metal": 472, "atom": 12738}}, {"model": "core.coordinatebond", "pk": 1732, "fields": {"metal": 473, "atom": 12747}}, {"model": "core.coordinatebond", "pk": 1733, "fields": {"metal": 473, "atom": 12760}}, {"model": "core.coordinatebond", "pk": 1734, "fields": {"metal": 473, "atom": 12757}}, {"model": "core.coordinatebond", "pk": 1735, "fields": {"metal": 474, "atom": 12774}}, {"model": "core.coordinatebond", "pk": 1736, "fields": {"metal": 474, "atom": 12787}}, {"model": "core.coordinatebond", "pk": 1737, "fields": {"metal": 474, "atom": 12776}}, {"model": "core.coordinatebond", "pk": 1738, "fields": {"metal": 474, "atom": 12786}}, {"model": "core.coordinatebond", "pk": 1739, "fields": {"metal": 475, "atom": 12796}}, {"model": "core.coordinatebond", "pk": 1740, "fields": {"metal": 475, "atom": 12805}}, {"model": "core.coordinatebond", "pk": 1741, "fields": {"metal": 475, "atom": 12800}}, {"model": "core.coordinatebond", "pk": 1742, "fields": {"metal": 475, "atom": 12816}}, {"model": "core.coordinatebond", "pk": 1743, "fields": {"metal": 476, "atom": 12822}}, {"model": "core.coordinatebond", "pk": 1744, "fields": {"metal": 476, "atom": 12832}}, {"model": "core.coordinatebond", "pk": 1745, "fields": {"metal": 476, "atom": 12844}}, {"model": "core.coordinatebond", "pk": 1746, "fields": {"metal": 476, "atom": 12838}}, {"model": "core.coordinatebond", "pk": 1747, "fields": {"metal": 477, "atom": 12845}}, {"model": "core.coordinatebond", "pk": 1748, "fields": {"metal": 477, "atom": 12856}}, {"model": "core.coordinatebond", "pk": 1749, "fields": {"metal": 477, "atom": 12867}}, {"model": "core.coordinatebond", "pk": 1750, "fields": {"metal": 477, "atom": 12859}}, {"model": "core.coordinatebond", "pk": 1751, "fields": {"metal": 478, "atom": 12878}}, {"model": "core.coordinatebond", "pk": 1752, "fields": {"metal": 478, "atom": 12893}}, {"model": "core.coordinatebond", "pk": 1753, "fields": {"metal": 478, "atom": 12884}}, {"model": "core.coordinatebond", "pk": 1754, "fields": {"metal": 478, "atom": 12885}}, {"model": "core.coordinatebond", "pk": 1755, "fields": {"metal": 479, "atom": 12898}}, {"model": "core.coordinatebond", "pk": 1756, "fields": {"metal": 479, "atom": 12910}}, {"model": "core.coordinatebond", "pk": 1757, "fields": {"metal": 479, "atom": 12903}}, {"model": "core.coordinatebond", "pk": 1758, "fields": {"metal": 480, "atom": 12922}}, {"model": "core.coordinatebond", "pk": 1759, "fields": {"metal": 480, "atom": 12931}}, {"model": "core.coordinatebond", "pk": 1760, "fields": {"metal": 480, "atom": 12942}}, {"model": "core.coordinatebond", "pk": 1761, "fields": {"metal": 480, "atom": 12930}}, {"model": "core.coordinatebond", "pk": 1762, "fields": {"metal": 481, "atom": 12949}}, {"model": "core.coordinatebond", "pk": 1763, "fields": {"metal": 481, "atom": 12960}}, {"model": "core.coordinatebond", "pk": 1764, "fields": {"metal": 481, "atom": 12956}}, {"model": "core.coordinatebond", "pk": 1765, "fields": {"metal": 486, "atom": 12965}}, {"model": "core.coordinatebond", "pk": 1766, "fields": {"metal": 486, "atom": 12974}}, {"model": "core.coordinatebond", "pk": 1767, "fields": {"metal": 486, "atom": 12981}}, {"model": "core.coordinatebond", "pk": 1768, "fields": {"metal": 486, "atom": 12968}}, {"model": "core.coordinatebond", "pk": 1769, "fields": {"metal": 487, "atom": 13023}}, {"model": "core.coordinatebond", "pk": 1770, "fields": {"metal": 487, "atom": 12990}}, {"model": "core.coordinatebond", "pk": 1771, "fields": {"metal": 487, "atom": 13012}}, {"model": "core.coordinatebond", "pk": 1772, "fields": {"metal": 487, "atom": 13039}}, {"model": "core.coordinatebond", "pk": 1773, "fields": {"metal": 488, "atom": 13003}}, {"model": "core.coordinatebond", "pk": 1774, "fields": {"metal": 488, "atom": 13023}}, {"model": "core.coordinatebond", "pk": 1775, "fields": {"metal": 488, "atom": 13030}}, {"model": "core.coordinatebond", "pk": 1776, "fields": {"metal": 488, "atom": 13022}}, {"model": "core.coordinatebond", "pk": 1777, "fields": {"metal": 488, "atom": 12998}}, {"model": "core.coordinatebond", "pk": 1778, "fields": {"metal": 488, "atom": 13034}}]